-- phpMyAdmin SQL Dump
-- version 4.2.11
-- http://www.phpmyadmin.net
--
-- Servidor: localhost
-- Tiempo de generación: 02-07-2017 a las 17:40:56
-- Versión del servidor: 5.6.21
-- Versión de PHP: 5.6.3

SET SQL_MODE = "NO_AUTO_VALUE_ON_ZERO";
SET time_zone = "+00:00";


/*!40101 SET @OLD_CHARACTER_SET_CLIENT=@@CHARACTER_SET_CLIENT */;
/*!40101 SET @OLD_CHARACTER_SET_RESULTS=@@CHARACTER_SET_RESULTS */;
/*!40101 SET @OLD_COLLATION_CONNECTION=@@COLLATION_CONNECTION */;
/*!40101 SET NAMES utf8 */;

--
-- Base de datos: `themis`
--

-- --------------------------------------------------------

--
-- Estructura de tabla para la tabla `clases_pago`
--

CREATE TABLE IF NOT EXISTS `clases_pago` (
`id` int(11) NOT NULL,
  `title` varchar(128) NOT NULL,
  `label` varchar(128) NOT NULL,
  `fecha_creacion` timestamp NOT NULL DEFAULT CURRENT_TIMESTAMP
) ENGINE=InnoDB AUTO_INCREMENT=3 DEFAULT CHARSET=latin1;

--
-- Volcado de datos para la tabla `clases_pago`
--

INSERT INTO `clases_pago` (`id`, `title`, `label`, `fecha_creacion`) VALUES
(1, 'Pago en Efectivo', 'efectivo', '2017-06-10 12:10:54'),
(2, 'Pago con Tarjeta Crédito', 'tarjeta_credito', '2017-06-10 12:10:54');

-- --------------------------------------------------------

--
-- Estructura de tabla para la tabla `clases_tramite`
--

CREATE TABLE IF NOT EXISTS `clases_tramite` (
`id` int(11) NOT NULL,
  `nombre` varchar(128) NOT NULL,
  `duracion` float NOT NULL
) ENGINE=InnoDB AUTO_INCREMENT=146 DEFAULT CHARSET=latin1;

--
-- Volcado de datos para la tabla `clases_tramite`
--

INSERT INTO `clases_tramite` (`id`, `nombre`, `duracion`) VALUES
(1, 'Adopcion', 25),
(2, 'Agrimensor Estado Parcelario', 0),
(3, 'Apostillado', 0),
(4, 'Averiguaciones Varias', 0),
(5, 'Caba Cedula', 0),
(6, 'Casillero Caba', 0),
(7, 'Casillero Gran Bs As', 0),
(8, 'Catastro - Cedula O Plancheta', 0),
(9, 'Catastro Certificado', 0),
(10, 'Cedula', 0),
(11, 'Cedula Catastral Caba', 0),
(12, 'Confeccion Testimonio U Oficio', 0),
(13, 'Confronte', 0),
(14, 'Constatacion Domicilio', 0),
(15, 'Consulta Inmueble', 0),
(16, 'Croquis', 0),
(17, 'Declaracion Jurada', 0),
(18, 'Declaratoria De Herederos', 0),
(19, 'Desarchivo', 0),
(20, 'Deuda Infracciones Caba', 0),
(21, 'Divorcio Pcia', 0),
(22, 'Dominio', 0),
(23, 'Edicto B.o La Plata', 0),
(24, 'Edicto Bo Caba', 0),
(25, 'Edicto Diario Zonal Bs As', 0),
(26, 'Edicto Diario Zonal Caba', 0),
(27, 'Escrito Judicial', 0),
(28, 'Estado De Deuda', 0),
(29, 'Estado De Deuda Patentes', 0),
(30, 'Exhorto', 0),
(31, 'Expedientes Vista Completa Bs As', 0),
(32, 'Expedientes Vista Completa Caba', 0),
(33, 'Expedientes Vista Simple Bs As', 0),
(34, 'Expedientes Vista Simple Caba', 0),
(35, 'Fijar Fecha', 0),
(36, 'Fotocopia De Expediente', 0),
(37, 'Inhibicion Interior', 0),
(38, 'Inicio De Expediente', 0),
(39, 'Juicios Universales', 0),
(40, 'Legalizacion', 0),
(41, 'Libre Deuda Rentas', 0),
(42, 'Mandamiento', 0),
(43, 'Mandamiento Embargo Con Medida', 0),
(44, 'Oficio Pensiones Sociales Bs As', 0),
(45, 'Oficio Simple Caba', 0),
(46, 'Oficio Simple La Plata', 0),
(47, 'Oficio Simple Pcia Bs As', 0),
(48, 'Oficio Testamentos Bs As', 0),
(49, 'Oficio Testamentos Caba', 0),
(50, 'Oficio Urgente', 0),
(51, 'Oficios', 0),
(52, 'Partida', 0),
(53, 'Personas Juridicas  Averiguacion', 0),
(54, 'Procuracion Quincenal', 0),
(55, 'Relevamiento De Domicilio', 0),
(56, 'Retiro De Cedula', 0),
(57, 'Retiro Respuesta Oficio', 0),
(58, 'Rnp Adopcion', 0),
(59, 'Rnp Divorcio Bs As Comun', 0),
(60, 'Rnp Divorcio Bs As Urgente', 0),
(61, 'Rnp Divorcio Caba', 0),
(62, 'Rnp Inscripcion De Nacimiento', 0),
(63, 'Rnp Partida Defuncion Bs As', 0),
(64, 'Rnp Partida Defuncion Caba', 0),
(65, 'Rnp Partida Matrimonio Bs As', 0),
(66, 'Rnp Partida Matrimonio Caba', 0),
(67, 'Rnp Partida Nacimiento Bs As', 0),
(68, 'Rnp Partida Nacimiento Caba', 0),
(69, 'Rnp Rectificacion Bs As', 0),
(70, 'Rnp Rectificacion Caba', 0),
(71, 'Rpa Cautelar', 0),
(72, 'Rpa Consulta', 0),
(73, 'Rpa Declaratoria Caba', 0),
(74, 'Rpa Declaratoria Pcia Bs As', 0),
(75, 'Rpa Divorcio Caba', 0),
(76, 'Rpa Divorcio Pcia Bs As', 0),
(77, 'Rpa Dominio Comun', 0),
(78, 'Rpa Dominio Urgente Bs As', 0),
(79, 'Rpa Dominio Urgente Caba', 0),
(80, 'Rpa Infracciones', 0),
(81, 'Rpa Inhibicion', 0),
(82, 'Rpa Oficio Caba', 0),
(83, 'Rpa Reinscripcion Prenda', 0),
(84, 'Rpa Traba De Embargo Caba', 0),
(85, 'Rpa Traba De Embargo Pcia Bs As', 0),
(86, 'Rpa Transferencia Caba', 0),
(87, 'Rpa Transferencia Pcia Bs As', 0),
(88, 'Rpi Adjudicacion En Divorcio', 0),
(89, 'Rpi Anotacion De Litis', 0),
(90, 'Rpi Cautelar Bs As Comun', 0),
(91, 'Rpi Cautelar Bs As Urgente', 0),
(92, 'Rpi Cautelar Caba Comun', 0),
(93, 'Rpi Cautelar Caba Urgente', 0),
(94, 'Rpi Consulta Bs As Comun', 0),
(95, 'Rpi Consulta Bs As Urgente', 0),
(96, 'Rpi Consulta Caba', 0),
(97, 'Rpi Convenio Divorcio Bs As', 0),
(98, 'Rpi Convenio Divorcio Caba Comun', 0),
(99, 'Rpi Convenio Divorcio Caba Urgente', 0),
(100, 'Rpi Copia Asiento Bs As Comun', 0),
(101, 'Rpi Copia Asiento Bs As Urgente', 0),
(102, 'Rpi Declaratoria De Herederos', 0),
(103, 'Rpi Dh Bs As Comun', 0),
(104, 'Rpi Dh Bs As Urgente', 0),
(105, 'Rpi Dh Caba Comun', 0),
(106, 'Rpi Dh Caba Urgente', 0),
(107, 'Rpi Dominio Bs As Urgente', 0),
(108, 'Rpi Dominio Caba Urgente', 0),
(109, 'Rpi Dominio Comun Caba', 0),
(110, 'Rpi Dominio Comun Pcia Bs As', 0),
(111, 'Rpi Frecuencia Bs As Comun', 0),
(112, 'Rpi Frecuencia Bs As Urgente', 0),
(113, 'Rpi Frecuencia Caba Comun', 0),
(114, 'Rpi Frecuencia Caba Urgente', 0),
(115, 'Rpi Informe Cesion Comun Bs As', 0),
(116, 'Rpi Informe Cesion Urgente Bs As', 0),
(117, 'Rpi Inhibicion Bs As Comun', 0),
(118, 'Rpi Inhibicion Bs As Urgente', 0),
(119, 'Rpi Inhibicion Caba Comun', 0),
(120, 'Rpi Inhibicion Caba Urgente', 0),
(121, 'Rpi Inscrip Testimonio Bs As Comun', 0),
(122, 'Rpi Inscrip. Testimonio Caba Comun', 0),
(123, 'Rpi Inscrip. Testimonio Caba Urgente', 0),
(124, 'Rpi Inscripcion ', 0),
(125, 'Rpi La Plata Oficios', 0),
(126, 'Rpi Levantamiento Caba Comun', 0),
(127, 'Rpi Levantamiento Caba Urgente', 0),
(128, 'Rpi Levantamiento Pcia Bs As', 0),
(129, 'Rpi Oficio Caba', 0),
(130, 'Rpi Oficio La Plata', 0),
(131, 'Rpi Subasta Bs As', 0),
(132, 'Rpi Subasta Caba', 0),
(133, 'Rpi Titular Por Domicilio', 0),
(134, 'Rpi Usucapion', 0),
(135, 'Segundo Testimonio', 0),
(136, 'Solicitud Segundo Testimonio', 0),
(137, 'Traduccion', 0),
(138, 'Tramite 01', 0),
(139, 'Tramite 02', 0),
(140, 'Tramite Special De Ballester', 0),
(141, 'Valuacion', 0),
(142, 'Valuacion Caba', 0),
(143, 'Valuacion La Plata', 0),
(144, 'Varios', 0),
(145, 'Vista Expediente', 0);

-- --------------------------------------------------------

--
-- Estructura de tabla para la tabla `clientes`
--

CREATE TABLE IF NOT EXISTS `clientes` (
`id` int(11) NOT NULL,
  `nombre` varchar(256) CHARACTER SET utf8 COLLATE utf8_spanish_ci DEFAULT NULL,
  `domicilio` varchar(256) CHARACTER SET utf8 COLLATE utf8_spanish_ci DEFAULT NULL,
  `telefono` varchar(256) CHARACTER SET utf8 COLLATE utf8_spanish_ci DEFAULT NULL,
  `email` varchar(128) CHARACTER SET utf8 COLLATE utf8_spanish_ci DEFAULT NULL,
  `saldo_inicial` float DEFAULT NULL,
  `como_nos_conocio` varchar(128) CHARACTER SET utf8 COLLATE utf8_spanish_ci DEFAULT NULL,
  `fecha_ingreso` timestamp NOT NULL DEFAULT CURRENT_TIMESTAMP,
  `password` varchar(128) CHARACTER SET utf8 COLLATE utf8_spanish_ci NOT NULL,
  `fecha_envio_correo` timestamp NULL DEFAULT NULL
) ENGINE=InnoDB AUTO_INCREMENT=12345693 DEFAULT CHARSET=latin1;

--
-- Volcado de datos para la tabla `clientes`
--

INSERT INTO `clientes` (`id`, `nombre`, `domicilio`, `telefono`, `email`, `saldo_inicial`, `como_nos_conocio`, `fecha_ingreso`, `password`, `fecha_envio_correo`) VALUES
(2, ' Sabater Violeta ', NULL, NULL, NULL, NULL, NULL, '2017-04-29 05:29:14', '', NULL),
(3, ' Moro  Jose Luis', NULL, NULL, NULL, NULL, NULL, '2017-04-29 05:29:14', '', NULL),
(10, ' Carbone Noelia Josefina ', NULL, NULL, NULL, NULL, NULL, '2017-04-29 05:29:14', '', NULL),
(41, ' Ruiz  Julian', NULL, NULL, NULL, NULL, NULL, '2017-04-29 05:29:14', '', NULL),
(42, ' Cukierman  Mauricio', NULL, NULL, NULL, NULL, NULL, '2017-04-29 05:29:14', '', NULL),
(43, ' Macklin Ricardo ', NULL, NULL, NULL, NULL, NULL, '2017-04-29 05:29:14', '', NULL),
(59, ' Pragier  Miguel', NULL, NULL, NULL, NULL, NULL, '2017-04-29 05:29:14', '', NULL),
(60, ' Chevalier Boutell Speyer Mariani ', NULL, NULL, NULL, NULL, NULL, '2017-04-29 05:29:14', '', NULL),
(61, ' Villamayor  Ezequiel', NULL, NULL, NULL, NULL, NULL, '2017-04-29 05:29:14', '', NULL),
(62, ' Barreiro Alejandro ', NULL, NULL, NULL, NULL, NULL, '2017-04-29 05:29:14', '', NULL),
(63, ' Distefano Y Corvetto ', NULL, NULL, NULL, NULL, NULL, '2017-04-29 05:29:14', '', NULL),
(103, ' Marroncelli  Damian', NULL, NULL, NULL, NULL, NULL, '2017-04-29 05:29:14', '', NULL),
(104, ' Jasa  Ines', NULL, NULL, NULL, NULL, NULL, '2017-04-29 05:29:14', '', NULL),
(105, ' Sipef Srl ', NULL, NULL, NULL, NULL, NULL, '2017-04-29 05:29:14', '', NULL),
(106, ' Daichman  Juan Jose', NULL, NULL, NULL, NULL, NULL, '2017-04-29 05:29:14', '', NULL),
(107, ' Pampaloni  Marisa', NULL, NULL, NULL, NULL, NULL, '2017-04-29 05:29:14', '', NULL),
(108, ' Larghi  Luis Maria', NULL, NULL, NULL, NULL, NULL, '2017-04-29 05:29:14', '', NULL),
(109, ' Kasirer  Juan Ismael', NULL, NULL, NULL, NULL, NULL, '2017-04-29 05:29:14', '', NULL),
(110, ' Bergallo  Ricardo', NULL, NULL, NULL, NULL, NULL, '2017-04-29 05:29:14', '', NULL),
(111, ' Mirabelli  Federico/ Del Campo Hernan', NULL, NULL, NULL, NULL, NULL, '2017-04-29 05:29:14', '', NULL),
(112, ' Bagnat  Juan Carlos', NULL, NULL, NULL, NULL, NULL, '2017-04-29 05:29:14', '', NULL),
(120, ' Gomez  Ulises', NULL, NULL, NULL, NULL, NULL, '2017-04-29 05:29:14', '', NULL),
(122, ' Acu??a  Marta', NULL, NULL, NULL, NULL, NULL, '2017-04-29 05:29:14', '', NULL),
(123, ' Chicco Zapata ', NULL, NULL, NULL, NULL, NULL, '2017-04-29 05:29:14', '', NULL),
(136, ' Lo Russo ', NULL, NULL, NULL, NULL, NULL, '2017-04-29 05:29:14', '', NULL),
(137, ' Farstein  Hector', NULL, NULL, NULL, NULL, NULL, '2017-04-29 05:29:14', '', NULL),
(145, ' Liporacce  Graciela', NULL, NULL, NULL, NULL, NULL, '2017-04-29 05:29:14', '', NULL),
(146, ' Batista  Liliana', NULL, NULL, NULL, NULL, NULL, '2017-04-29 05:29:14', '', NULL),
(147, ' Fischer  Elizabeth', NULL, NULL, NULL, NULL, NULL, '2017-04-29 05:29:14', '', NULL),
(257, ' Arias Walter ', NULL, NULL, NULL, NULL, NULL, '2017-04-29 05:29:14', '', NULL),
(259, ' Ferraro  Karina', NULL, NULL, NULL, NULL, NULL, '2017-04-29 05:29:14', '', NULL),
(270, ' Bauni  Hector', NULL, NULL, NULL, NULL, NULL, '2017-04-29 05:29:14', '', NULL),
(325, ' Pe??alva  Gladis', NULL, NULL, NULL, NULL, NULL, '2017-04-29 05:29:14', '', NULL),
(405, ' Garcia Tanus ', NULL, NULL, NULL, NULL, NULL, '2017-04-29 05:29:14', '', NULL),
(451, ' Berazategui Daniel ', NULL, NULL, NULL, NULL, NULL, '2017-04-29 05:29:14', '', NULL),
(459, ' Teddi  Santiago', NULL, NULL, NULL, NULL, NULL, '2017-04-29 05:29:14', '', NULL),
(549, ' Gonzalez Vivero  Monica', NULL, NULL, NULL, NULL, NULL, '2017-04-29 05:29:14', '', NULL),
(550, ' Navarro Floria Loprete Y Asoc ', NULL, NULL, NULL, NULL, NULL, '2017-04-29 05:29:14', '', NULL),
(630, ' Souto Cecilia ', NULL, NULL, NULL, NULL, NULL, '2017-04-29 05:29:14', '', NULL),
(636, ' Santalla  Silvina', NULL, NULL, NULL, NULL, NULL, '2017-04-29 05:29:14', '', NULL),
(666, ' Vito  Hector', NULL, NULL, NULL, NULL, NULL, '2017-04-29 05:29:14', '', NULL),
(700, ' Salinas Rosario ', NULL, NULL, NULL, NULL, NULL, '2017-04-29 05:29:14', '', NULL),
(705, ' Garcia Delatour  Julio', NULL, NULL, NULL, NULL, NULL, '2017-04-29 05:29:14', '', NULL),
(708, ' Gorodischer  Angel', NULL, NULL, NULL, NULL, NULL, '2017-04-29 05:29:14', '', NULL),
(747, ' Credito Autom??tico ', NULL, NULL, NULL, NULL, NULL, '2017-04-29 05:29:14', '', NULL),
(839, ' Herrera  Viviana', NULL, NULL, NULL, NULL, NULL, '2017-04-29 05:29:14', '', NULL),
(842, ' Flomenbaum  Ricardo', NULL, NULL, NULL, NULL, NULL, '2017-04-29 05:29:14', '', NULL),
(862, ' Diez  Juan Pablo', NULL, NULL, NULL, NULL, NULL, '2017-04-29 05:29:14', '', NULL),
(901, ' Suardiaz  Marta', NULL, NULL, NULL, NULL, NULL, '2017-04-29 05:29:14', '', NULL),
(905, ' Mascambruni  Gabriela', NULL, NULL, NULL, NULL, NULL, '2017-04-29 05:29:14', '', NULL),
(925, ' Ovando  Mariano', NULL, NULL, NULL, NULL, NULL, '2017-04-29 05:29:14', '', NULL),
(937, ' Steinberg  Silvia', NULL, NULL, NULL, NULL, NULL, '2017-04-29 05:29:14', '', NULL),
(938, ' Diaz Oromi ', NULL, NULL, NULL, NULL, NULL, '2017-04-29 05:29:14', '', NULL),
(940, ' Rillo Cecilia ', NULL, NULL, NULL, NULL, NULL, '2017-04-29 05:29:14', '', NULL),
(973, ' Feigelman  Miriam', NULL, NULL, NULL, NULL, NULL, '2017-04-29 05:29:14', '', NULL),
(977, ' Podest??  Pablo Javier', NULL, NULL, NULL, NULL, NULL, '2017-04-29 05:29:14', '', NULL),
(987, ' Piccinelli  Pedro', NULL, NULL, NULL, NULL, NULL, '2017-04-29 05:29:14', '', NULL),
(988, ' Reitman  Deborah', NULL, NULL, NULL, NULL, NULL, '2017-04-29 05:29:14', '', NULL),
(992, ' Penella  Alejandra', NULL, NULL, NULL, NULL, NULL, '2017-04-29 05:29:14', '', NULL),
(1000, ' Lucas Amor ', NULL, NULL, NULL, NULL, NULL, '2017-04-29 05:29:14', '', NULL),
(1004, ' Mac Cormack Miguel ', NULL, NULL, NULL, NULL, NULL, '2017-04-29 05:29:14', '', NULL),
(1023, ' Iglesias  Silvana', NULL, NULL, NULL, NULL, NULL, '2017-04-29 05:29:14', '', NULL),
(1204, ' Merkel  Susana', NULL, NULL, NULL, NULL, NULL, '2017-04-29 05:29:14', '', NULL),
(1230, ' Vicidomini  Dora', NULL, NULL, NULL, NULL, NULL, '2017-04-29 05:29:14', '', NULL),
(1250, ' Aragon??s Gal??n ', NULL, NULL, NULL, NULL, NULL, '2017-04-29 05:29:14', '', NULL),
(1807, ' Correa  Eduardo', NULL, NULL, NULL, NULL, NULL, '2017-04-29 05:29:14', '', NULL),
(2024, ' Yanelli  Marta', NULL, NULL, NULL, NULL, NULL, '2017-04-29 05:29:14', '', NULL),
(2027, ' Vera  Viviana', NULL, NULL, NULL, NULL, NULL, '2017-04-29 05:29:14', '', NULL),
(2029, ' Borrazo  Victor', NULL, NULL, NULL, NULL, NULL, '2017-04-29 05:29:14', '', NULL),
(2030, ' Pepe  Andrea/ Yupak Fabiana', NULL, NULL, NULL, NULL, NULL, '2017-04-29 05:29:14', '', NULL),
(2031, ' Ubertalli  Alberto', NULL, NULL, NULL, NULL, NULL, '2017-04-29 05:29:14', '', NULL),
(2035, ' Dunayevich  Juan', NULL, NULL, NULL, NULL, NULL, '2017-04-29 05:29:14', '', NULL),
(2038, ' Allo Hernandez ', NULL, NULL, NULL, NULL, NULL, '2017-04-29 05:29:14', '', NULL),
(2177, ' Chiesa  Maria Lucia', NULL, NULL, NULL, NULL, NULL, '2017-04-29 05:29:14', '', NULL),
(2204, ' Anses ', NULL, NULL, NULL, NULL, NULL, '2017-04-29 05:29:14', '', NULL),
(2323, ' Paulaskas  Laura', NULL, NULL, NULL, NULL, NULL, '2017-04-29 05:29:14', '', NULL),
(2357, ' Ruarte  Eva Judith', NULL, NULL, NULL, NULL, NULL, '2017-04-29 05:29:14', '', NULL),
(2430, ' Golemme ', NULL, NULL, NULL, NULL, NULL, '2017-04-29 05:29:14', '', NULL),
(2667, ' Aballay Montiveros  Nora', NULL, NULL, NULL, NULL, NULL, '2017-04-29 05:29:14', '', NULL),
(2737, ' Agesta  Mariela', NULL, NULL, NULL, NULL, NULL, '2017-04-29 05:29:14', '', NULL),
(2801, ' Gabyson  Gustavo', NULL, NULL, NULL, NULL, NULL, '2017-04-29 05:29:14', '', NULL),
(2805, ' Kyburg  Jorge', NULL, NULL, NULL, NULL, NULL, '2017-04-29 05:29:14', '', NULL),
(2807, ' Laferriere  Emilio', NULL, NULL, NULL, NULL, NULL, '2017-04-29 05:29:14', '', NULL),
(2838, ' Villari??o  Marcela', NULL, NULL, NULL, NULL, NULL, '2017-04-29 05:29:14', '', NULL),
(2901, ' Benazzi  Marina', NULL, NULL, NULL, NULL, NULL, '2017-04-29 05:29:14', '', NULL),
(2907, ' Gauna  Jose Alberto', NULL, NULL, NULL, NULL, NULL, '2017-04-29 05:29:14', '', NULL),
(2978, ' Soler Canevaro  Gonzalo', NULL, NULL, NULL, NULL, NULL, '2017-04-29 05:29:14', '', NULL),
(3010, ' Copotelli  Gisela', NULL, NULL, NULL, NULL, NULL, '2017-04-29 05:29:14', '', NULL),
(3015, ' Balbiani  Pedro', NULL, NULL, NULL, NULL, NULL, '2017-04-29 05:29:14', '', NULL),
(3103, ' Gallastegui  Maria Paula', NULL, NULL, NULL, NULL, NULL, '2017-04-29 05:29:14', '', NULL),
(3535, ' Comision 1061 Grupo 6 ', NULL, NULL, NULL, NULL, NULL, '2017-04-29 05:29:14', '', NULL),
(3799, ' Guida  Ricardo', NULL, NULL, NULL, NULL, NULL, '2017-04-29 05:29:14', '', NULL),
(3800, ' Girola Aguirre  Maria Laura', NULL, NULL, NULL, NULL, NULL, '2017-04-29 05:29:14', '', NULL),
(3801, ' Vela ', NULL, NULL, NULL, NULL, NULL, '2017-04-29 05:29:14', '', NULL),
(3802, ' Burzstyn  Natalio Julio', NULL, NULL, NULL, NULL, NULL, '2017-04-29 05:29:14', '', NULL),
(3803, ' Zuccarini  Adalberto', NULL, NULL, NULL, NULL, NULL, '2017-04-29 05:29:14', '', NULL),
(3805, ' Spinelli  Osvaldo Alberto', NULL, NULL, NULL, NULL, NULL, '2017-04-29 05:29:14', '', NULL),
(3806, ' Perez Sergio Gabriel ', NULL, NULL, NULL, NULL, NULL, '2017-04-29 05:29:14', '', NULL),
(3807, ' Katz  Javier', NULL, NULL, NULL, NULL, NULL, '2017-04-29 05:29:14', '', NULL),
(3808, ' Jadzinsky  Roberto', NULL, NULL, NULL, NULL, NULL, '2017-04-29 05:29:14', '', NULL),
(3809, ' Labbate  Sebastian', NULL, NULL, NULL, NULL, NULL, '2017-04-29 05:29:14', '', NULL),
(3810, ' Levy Alberto Guillermo ', NULL, NULL, NULL, NULL, NULL, '2017-04-29 05:29:14', '', NULL),
(3811, ' Kalika Lorena ', NULL, NULL, NULL, NULL, NULL, '2017-04-29 05:29:14', '', NULL),
(3812, ' Priarone  Marcelo Guido', NULL, NULL, NULL, NULL, NULL, '2017-04-29 05:29:14', '', NULL),
(3813, ' Duran Guillermo Raul ', NULL, NULL, NULL, NULL, NULL, '2017-04-29 05:29:14', '', NULL),
(3814, ' Grupo Soluciones Dra Mautone ', NULL, NULL, NULL, NULL, NULL, '2017-04-29 05:29:14', '', NULL),
(3815, ' Gomez Arevalo ', NULL, NULL, NULL, NULL, NULL, '2017-04-29 05:29:14', '', NULL),
(3816, ' Lubnicki  Roberto Carlos', NULL, NULL, NULL, NULL, NULL, '2017-04-29 05:29:14', '', NULL),
(3817, ' Tammone  Marcelo', NULL, NULL, NULL, NULL, NULL, '2017-04-29 05:29:14', '', NULL),
(3818, ' Monasterio  Monica', NULL, NULL, NULL, NULL, NULL, '2017-04-29 05:29:14', '', NULL),
(3819, ' Gomez Marti Julieta ', NULL, NULL, NULL, NULL, NULL, '2017-04-29 05:29:14', '', NULL),
(3820, ' Paz Viviana ', NULL, NULL, NULL, NULL, NULL, '2017-04-29 05:29:14', '', NULL),
(3821, ' Sabatino  Osvaldo Alberto', NULL, NULL, NULL, NULL, NULL, '2017-04-29 05:29:14', '', NULL),
(3822, ' Martinez  Mateo', NULL, NULL, NULL, NULL, NULL, '2017-04-29 05:29:14', '', NULL),
(3823, ' Sanchez Marincolo  Miguel Angel', NULL, NULL, NULL, NULL, NULL, '2017-04-29 05:29:14', '', NULL),
(3824, ' Spada Evelyn ', NULL, NULL, NULL, NULL, NULL, '2017-04-29 05:29:14', '', NULL),
(3825, ' Sestito  Romina Natalia', NULL, NULL, NULL, NULL, NULL, '2017-04-29 05:29:14', '', NULL),
(3826, ' Landi  Bolla Y Asociados', NULL, NULL, NULL, NULL, NULL, '2017-04-29 05:29:14', '', NULL),
(3827, ' Prieto  Ver??nica', NULL, NULL, NULL, NULL, NULL, '2017-04-29 05:29:14', '', NULL),
(3828, ' Negri Rubino  Juan', NULL, NULL, NULL, NULL, NULL, '2017-04-29 05:29:14', '', NULL),
(3829, ' Gangemi  Nazareno', NULL, NULL, NULL, NULL, NULL, '2017-04-29 05:29:14', '', NULL),
(3830, ' Rombola  Pi??ol Y Sala', NULL, NULL, NULL, NULL, NULL, '2017-04-29 05:29:14', '', NULL),
(3831, ' Persico Graciela ', NULL, NULL, NULL, NULL, NULL, '2017-04-29 05:29:14', '', NULL),
(3832, ' Barcia  Viviana', NULL, NULL, NULL, NULL, NULL, '2017-04-29 05:29:14', '', NULL),
(3833, ' Gasipi  Federico', NULL, NULL, NULL, NULL, NULL, '2017-04-29 05:29:14', '', NULL),
(3834, ' Alfaro  Lidia', NULL, NULL, NULL, NULL, NULL, '2017-04-29 05:29:14', '', NULL),
(3835, ' Sayago  Antonio Hector', NULL, NULL, NULL, NULL, NULL, '2017-04-29 05:29:14', '', NULL),
(3836, ' Valenzuela  Rene', NULL, NULL, NULL, NULL, NULL, '2017-04-29 05:29:14', '', NULL),
(3837, ' Garcia Daniela ', NULL, NULL, NULL, NULL, NULL, '2017-04-29 05:29:14', '', NULL),
(3838, ' Monner Sans  Duprat', NULL, NULL, NULL, NULL, NULL, '2017-04-29 05:29:14', '', NULL),
(3839, ' Laurito  Leandro Damian', NULL, NULL, NULL, NULL, NULL, '2017-04-29 05:29:14', '', NULL),
(3840, ' Fleitas  Oscar', NULL, NULL, NULL, NULL, NULL, '2017-04-29 05:29:14', '', NULL),
(3841, ' Rauna Natalia ', NULL, NULL, NULL, NULL, NULL, '2017-04-29 05:29:14', '', NULL),
(3842, ' Fedele  Santiago', NULL, NULL, NULL, NULL, NULL, '2017-04-29 05:29:14', '', NULL),
(3844, ' Karlen Guevara Eduardo ', NULL, NULL, NULL, NULL, NULL, '2017-04-29 05:29:14', '', NULL),
(3845, ' Garavalli  Laura', NULL, NULL, NULL, NULL, NULL, '2017-04-29 05:29:14', '', NULL),
(3846, ' Estudio Pe??a ', NULL, NULL, NULL, NULL, NULL, '2017-04-29 05:29:14', '', NULL),
(3847, ' Amarante  Hernan', NULL, NULL, NULL, NULL, NULL, '2017-04-29 05:29:14', '', NULL),
(3848, ' Pacheco  Hector Rodolfo', NULL, NULL, NULL, NULL, NULL, '2017-04-29 05:29:14', '', NULL),
(3849, ' Martinez  Walter Marcelo', NULL, NULL, NULL, NULL, NULL, '2017-04-29 05:29:14', '', NULL),
(3850, ' Sala Peup  Paz', NULL, NULL, NULL, NULL, NULL, '2017-04-29 05:29:14', '', NULL),
(3851, ' Scully  Lucas', NULL, NULL, NULL, NULL, NULL, '2017-04-29 05:29:14', '', NULL),
(3852, ' Pandre  Marcelo', NULL, NULL, NULL, NULL, NULL, '2017-04-29 05:29:14', '', NULL),
(3853, ' Iba??ez Alice ', NULL, NULL, NULL, NULL, NULL, '2017-04-29 05:29:14', '', NULL),
(3854, ' Riganti Mariano Jose ', NULL, NULL, NULL, NULL, NULL, '2017-04-29 05:29:14', '', NULL),
(3855, ' Scillone  Maria Emilia', NULL, NULL, NULL, NULL, NULL, '2017-04-29 05:29:14', '', NULL),
(3856, ' Estudio Rzr Dr Reto ', NULL, NULL, NULL, NULL, NULL, '2017-04-29 05:29:14', '', NULL),
(3857, ' Quiquinte Emma Noemi ', NULL, NULL, NULL, NULL, NULL, '2017-04-29 05:29:14', '', NULL),
(3858, ' Ballve Sarda Fernando ', NULL, NULL, NULL, NULL, NULL, '2017-04-29 05:29:14', '', NULL),
(3859, ' Alvarez Javier ', NULL, NULL, NULL, NULL, NULL, '2017-04-29 05:29:14', '', NULL),
(3860, ' Giardina Sandra ', NULL, NULL, NULL, NULL, NULL, '2017-04-29 05:29:14', '', NULL),
(3861, ' Verzi Mercado Gaston ', NULL, NULL, NULL, NULL, NULL, '2017-04-29 05:29:14', '', NULL),
(3862, ' Tobarez Nelson Javier ', NULL, NULL, NULL, NULL, NULL, '2017-04-29 05:29:14', '', NULL),
(3863, ' Minutella Miguel Angel ', NULL, NULL, NULL, NULL, NULL, '2017-04-29 05:29:14', '', NULL),
(3864, ' Yofre Ricardo ', NULL, NULL, NULL, NULL, NULL, '2017-04-29 05:29:14', '', NULL),
(3865, ' Bustamante Pedro Javier ', NULL, NULL, NULL, NULL, NULL, '2017-04-29 05:29:14', '', NULL),
(3866, ' Raisberg Claudia ', NULL, NULL, NULL, NULL, NULL, '2017-04-29 05:29:14', '', NULL),
(3867, ' Oliva Julieta ', NULL, NULL, NULL, NULL, NULL, '2017-04-29 05:29:14', '', NULL),
(3868, ' Caeiro  Maricel', NULL, NULL, NULL, NULL, NULL, '2017-04-29 05:29:14', '', NULL),
(3869, ' Chamorro Vicenta ', NULL, NULL, NULL, NULL, NULL, '2017-04-29 05:29:14', '', NULL),
(3870, ' Sinibaldi  Marina', NULL, NULL, NULL, NULL, NULL, '2017-04-29 05:29:14', '', NULL),
(3871, ' Ansaldi ', NULL, NULL, NULL, NULL, NULL, '2017-04-29 05:29:14', '', NULL),
(3872, ' Minervino  Paula', NULL, NULL, NULL, NULL, NULL, '2017-04-29 05:29:14', '', NULL),
(3873, ' Cucuzza  Luis Santiago', NULL, NULL, NULL, NULL, NULL, '2017-04-29 05:29:14', '', NULL),
(3874, ' Diaz Del Moral  Josefa', NULL, NULL, NULL, NULL, NULL, '2017-04-29 05:29:14', '', NULL),
(3875, ' Scuderi  Julio Cesar', NULL, NULL, NULL, NULL, NULL, '2017-04-29 05:29:14', '', NULL),
(3876, ' Sanguinetti  Andrea', NULL, NULL, NULL, NULL, NULL, '2017-04-29 05:29:14', '', NULL),
(3877, ' Zanzi  Margarita', NULL, NULL, NULL, NULL, NULL, '2017-04-29 05:29:14', '', NULL),
(3878, ' Civerra  Marta', NULL, NULL, NULL, NULL, NULL, '2017-04-29 05:29:14', '', NULL),
(3879, ' Collazo  Guadalupe', NULL, NULL, NULL, NULL, NULL, '2017-04-29 05:29:14', '', NULL),
(3880, ' Higgins  Pamela', NULL, NULL, NULL, NULL, NULL, '2017-04-29 05:29:14', '', NULL),
(3881, ' Magnano  Omar', NULL, NULL, NULL, NULL, NULL, '2017-04-29 05:29:14', '', NULL),
(3882, ' Noe  Leticia', NULL, NULL, NULL, NULL, NULL, '2017-04-29 05:29:14', '', NULL),
(3883, ' Cordua  Francisco', NULL, NULL, NULL, NULL, NULL, '2017-04-29 05:29:14', '', NULL),
(3884, ' Lopez Cristina Itati ', NULL, NULL, NULL, NULL, NULL, '2017-04-29 05:29:14', '', NULL),
(3885, ' Chiappeto  Vanesa', NULL, NULL, NULL, NULL, NULL, '2017-04-29 05:29:14', '', NULL),
(3886, ' Mizrahi  Isaac', NULL, NULL, NULL, NULL, NULL, '2017-04-29 05:29:14', '', NULL),
(3887, ' Lungueira  Mariela', NULL, NULL, NULL, NULL, NULL, '2017-04-29 05:29:14', '', NULL),
(3888, ' Re Monica Sabrina ', NULL, NULL, NULL, NULL, NULL, '2017-04-29 05:29:14', '', NULL),
(3889, ' Bossi  Mario Angel', NULL, NULL, NULL, NULL, NULL, '2017-04-29 05:29:14', '', NULL),
(3890, ' Codo  Virginia', NULL, NULL, NULL, NULL, NULL, '2017-04-29 05:29:14', '', NULL),
(3891, ' Lombardi  Ruben Horacio', NULL, NULL, NULL, NULL, NULL, '2017-04-29 05:29:14', '', NULL),
(3892, ' Garcia Colucho  Daniela Mariana', NULL, NULL, NULL, NULL, NULL, '2017-04-29 05:29:14', '', NULL),
(3894, ' Huaman Saravia  Ruth', NULL, NULL, NULL, NULL, NULL, '2017-04-29 05:29:14', '', NULL),
(3895, ' Pacheco  Maria Del Carmen', NULL, NULL, NULL, NULL, NULL, '2017-04-29 05:29:14', '', NULL),
(3896, ' Predial Propiedades ', NULL, NULL, NULL, NULL, NULL, '2017-04-29 05:29:14', '', NULL),
(3897, ' Conde  Grisel', NULL, NULL, NULL, NULL, NULL, '2017-04-29 05:29:14', '', NULL),
(3898, ' Perez  Rosa', NULL, NULL, NULL, NULL, NULL, '2017-04-29 05:29:14', '', NULL),
(3900, ' Ditro Di Tella  Daniel', NULL, NULL, NULL, NULL, NULL, '2017-04-29 05:29:14', '', NULL),
(3901, ' Saenz  Marta', NULL, NULL, NULL, NULL, NULL, '2017-04-29 05:29:14', '', NULL),
(3902, ' Giussani  Octavio', NULL, NULL, NULL, NULL, NULL, '2017-04-29 05:29:14', '', NULL),
(3903, ' Marugo  Daniel', NULL, NULL, NULL, NULL, NULL, '2017-04-29 05:29:14', '', NULL),
(3904, ' Corvalan Ana ', NULL, NULL, NULL, NULL, NULL, '2017-04-29 05:29:14', '', NULL),
(3905, ' Silva Angela Gladys ', NULL, NULL, NULL, NULL, NULL, '2017-04-29 05:29:14', '', NULL),
(3906, ' Buletti  Roberto Ignacio', NULL, NULL, NULL, NULL, NULL, '2017-04-29 05:29:14', '', NULL),
(3907, ' Pordes Luciano / Moreno Bentz Florencia ', NULL, NULL, NULL, NULL, NULL, '2017-04-29 05:29:14', '', NULL),
(3908, ' Ra Dur??n Y Asociados ', NULL, NULL, NULL, NULL, NULL, '2017-04-29 05:29:14', '', NULL),
(3910, ' Fernandez Susana ', NULL, NULL, NULL, NULL, NULL, '2017-04-29 05:29:14', '', NULL),
(3911, ' Gianni  Osvaldo', NULL, NULL, NULL, NULL, NULL, '2017-04-29 05:29:14', '', NULL),
(3912, ' Descalzo  Martin', NULL, NULL, NULL, NULL, NULL, '2017-04-29 05:29:14', '', NULL),
(3913, ' La Rocca  Fernando', NULL, NULL, NULL, NULL, NULL, '2017-04-29 05:29:14', '', NULL),
(3914, ' Torres  Ana Alejandra', NULL, NULL, NULL, NULL, NULL, '2017-04-29 05:29:14', '', NULL),
(3915, ' Rizzi  Juan', NULL, NULL, NULL, NULL, NULL, '2017-04-29 05:29:14', '', NULL),
(3916, ' Parrondo  Susana', NULL, NULL, NULL, NULL, NULL, '2017-04-29 05:29:14', '', NULL),
(3917, ' Nano  Marcelo Adrian', NULL, NULL, NULL, NULL, NULL, '2017-04-29 05:29:14', '', NULL),
(3918, ' Garcia Pusino Carolina ', NULL, NULL, NULL, NULL, NULL, '2017-04-29 05:29:14', '', NULL),
(3919, ' Ulrich  Maria', NULL, NULL, NULL, NULL, NULL, '2017-04-29 05:29:14', '', NULL),
(3920, ' Lopez  Javier', NULL, NULL, NULL, NULL, NULL, '2017-04-29 05:29:14', '', NULL),
(3921, ' Baletto Osvaldo ', NULL, NULL, NULL, NULL, NULL, '2017-04-29 05:29:14', '', NULL),
(3922, ' Barberis  Laura', NULL, NULL, NULL, NULL, NULL, '2017-04-29 05:29:14', '', NULL),
(3923, ' Pantuso  Ricardo', NULL, NULL, NULL, NULL, NULL, '2017-04-29 05:29:14', '', NULL),
(3924, ' Sileo Analia ', NULL, NULL, NULL, NULL, NULL, '2017-04-29 05:29:14', '', NULL),
(3925, ' Ylarri Juan Santiago ', NULL, NULL, NULL, NULL, NULL, '2017-04-29 05:29:14', '', NULL),
(3926, ' Lorenzini Guillermo Luis ', NULL, NULL, NULL, NULL, NULL, '2017-04-29 05:29:14', '', NULL),
(3927, ' Iglesias Marcelo ', NULL, NULL, NULL, NULL, NULL, '2017-04-29 05:29:14', '', NULL),
(3928, ' La Licata Veronica Paola ', NULL, NULL, NULL, NULL, NULL, '2017-04-29 05:29:14', '', NULL),
(3929, ' Santos Berisso Federico ', NULL, NULL, NULL, NULL, NULL, '2017-04-29 05:29:14', '', NULL),
(3930, ' Carrizo Luis Angel ', NULL, NULL, NULL, NULL, NULL, '2017-04-29 05:29:14', '', NULL),
(3931, ' Spindola Carolina ', NULL, NULL, NULL, NULL, NULL, '2017-04-29 05:29:14', '', NULL),
(3932, ' Mroz Alejandra ', NULL, NULL, NULL, NULL, NULL, '2017-04-29 05:29:14', '', NULL),
(3933, ' Lapiedra Victoria ', NULL, NULL, NULL, NULL, NULL, '2017-04-29 05:29:14', '', NULL),
(3934, ' Mazzitelli Angela ', NULL, NULL, NULL, NULL, NULL, '2017-04-29 05:29:14', '', NULL),
(3935, ' Acea Maria Belen ', NULL, NULL, NULL, NULL, NULL, '2017-04-29 05:29:14', '', NULL),
(3936, ' Gross Ricardo ', NULL, NULL, NULL, NULL, NULL, '2017-04-29 05:29:14', '', NULL),
(3937, ' Guglielmi Debora ', NULL, NULL, NULL, NULL, NULL, '2017-04-29 05:29:14', '', NULL),
(3938, ' Viladrich Mariel ', NULL, NULL, NULL, NULL, NULL, '2017-04-29 05:29:14', '', NULL),
(3940, ' Vaninetti Isabel ', NULL, NULL, NULL, NULL, NULL, '2017-04-29 05:29:14', '', NULL),
(3941, ' Morales Bonjour ', NULL, NULL, NULL, NULL, NULL, '2017-04-29 05:29:14', '', NULL),
(3942, ' Cardoso Paula ', NULL, NULL, NULL, NULL, NULL, '2017-04-29 05:29:14', '', NULL),
(3943, ' Kisman Guillermo ', NULL, NULL, NULL, NULL, NULL, '2017-04-29 05:29:14', '', NULL),
(3944, ' Guido Mauricio Lorenzo ', NULL, NULL, NULL, NULL, NULL, '2017-04-29 05:29:14', '', NULL),
(3945, ' Daus Mariana ', NULL, NULL, NULL, NULL, NULL, '2017-04-29 05:29:14', '', NULL),
(3946, ' Sanchez Karina - Casas Julia ', NULL, NULL, NULL, NULL, NULL, '2017-04-29 05:29:14', '', NULL),
(3947, ' Pinto Kramer Martin ', NULL, NULL, NULL, NULL, NULL, '2017-04-29 05:29:14', '', NULL),
(3948, ' Basile Cristina / Gerardo ', NULL, NULL, NULL, NULL, NULL, '2017-04-29 05:29:14', '', NULL),
(3949, ' Carollo Maria Laura ', NULL, NULL, NULL, NULL, NULL, '2017-04-29 05:29:14', '', NULL),
(3950, ' Recalde-peque??o ', NULL, NULL, NULL, NULL, NULL, '2017-04-29 05:29:14', '', NULL),
(3951, ' Aguirre Duarte Luis Alberto ', NULL, NULL, NULL, NULL, NULL, '2017-04-29 05:29:14', '', NULL),
(3952, ' Zuvi Lidia ', NULL, NULL, NULL, NULL, NULL, '2017-04-29 05:29:14', '', NULL),
(3953, ' Czarniak Isidoro ', NULL, NULL, NULL, NULL, NULL, '2017-04-29 05:29:14', '', NULL),
(3954, ' Santa Maria Alejandro Miguel ', NULL, NULL, NULL, NULL, NULL, '2017-04-29 05:29:14', '', NULL),
(3955, ' Schulman Sandra ', NULL, NULL, NULL, NULL, NULL, '2017-04-29 05:29:14', '', NULL),
(3956, ' Raspe??o Ramiro ', NULL, NULL, NULL, NULL, NULL, '2017-04-29 05:29:14', '', NULL),
(3957, ' Soldini Juan Jose ', NULL, NULL, NULL, NULL, NULL, '2017-04-29 05:29:14', '', NULL),
(3958, ' Pujato Marta ', NULL, NULL, NULL, NULL, NULL, '2017-04-29 05:29:14', '', NULL),
(3959, ' Malaspina Noemi Angela ', NULL, NULL, NULL, NULL, NULL, '2017-04-29 05:29:14', '', NULL),
(3960, ' Pefaur Aguero ', NULL, NULL, NULL, NULL, NULL, '2017-04-29 05:29:14', '', NULL),
(3961, ' Russo Freire Esteves Graciela Maria Del Rosario ', NULL, NULL, NULL, NULL, NULL, '2017-04-29 05:29:14', '', NULL),
(3962, ' Vanin Maria Cecilia ', NULL, NULL, NULL, NULL, NULL, '2017-04-29 05:29:14', '', NULL),
(3963, ' Grispo Santiago ', NULL, NULL, NULL, NULL, NULL, '2017-04-29 05:29:14', '', NULL),
(3964, ' Ali Yamil ', NULL, NULL, NULL, NULL, NULL, '2017-04-29 05:29:14', '', NULL),
(3965, ' Solier Mario Ernesto ', NULL, NULL, NULL, NULL, NULL, '2017-04-29 05:29:14', '', NULL),
(3966, ' Ferro Maria Florencia ', NULL, NULL, NULL, NULL, NULL, '2017-04-29 05:29:14', '', NULL),
(3967, ' Variglia Osvaldo Eduardo ', NULL, NULL, NULL, NULL, NULL, '2017-04-29 05:29:14', '', NULL),
(3968, ' Serra Pedro Felipe ', NULL, NULL, NULL, NULL, NULL, '2017-04-29 05:29:14', '', NULL),
(3969, ' Comision 1086 ', NULL, NULL, NULL, NULL, NULL, '2017-04-29 05:29:14', '', NULL),
(3970, ' Olmedo Monica Graciela ', NULL, NULL, NULL, NULL, NULL, '2017-04-29 05:29:14', '', NULL),
(3971, ' Antunez Gonzalo Carlos ', NULL, NULL, NULL, NULL, NULL, '2017-04-29 05:29:14', '', NULL),
(3972, ' Cullen Paunero Mariano ', NULL, NULL, NULL, NULL, NULL, '2017-04-29 05:29:14', '', NULL),
(3973, ' Duberti Guillermo ', NULL, NULL, NULL, NULL, NULL, '2017-04-29 05:29:14', '', NULL),
(3974, ' Gurruchaga ', NULL, NULL, NULL, NULL, NULL, '2017-04-29 05:29:14', '', NULL),
(3975, ' Cramer Monica ', NULL, NULL, NULL, NULL, NULL, '2017-04-29 05:29:14', '', NULL),
(3976, ' Puppio Stella ', NULL, NULL, NULL, NULL, NULL, '2017-04-29 05:29:14', '', NULL),
(3977, ' Stancanelli Maria Josefa ', NULL, NULL, NULL, NULL, NULL, '2017-04-29 05:29:14', '', NULL),
(3978, ' Pandre Claudio ', NULL, NULL, NULL, NULL, NULL, '2017-04-29 05:29:14', '', NULL),
(3979, ' Aranda Gabriela ', NULL, NULL, NULL, NULL, NULL, '2017-04-29 05:29:14', '', NULL),
(3980, ' Reynal O Connor Carlos Alberto ', NULL, NULL, NULL, NULL, NULL, '2017-04-29 05:29:14', '', NULL),
(3981, ' Valsechi Lilia ', NULL, NULL, NULL, NULL, NULL, '2017-04-29 05:29:14', '', NULL),
(3982, ' Cigarra Silvina Lorena ', NULL, NULL, NULL, NULL, NULL, '2017-04-29 05:29:14', '', NULL),
(3983, ' Spinelli Miguel Angel ', NULL, NULL, NULL, NULL, NULL, '2017-04-29 05:29:14', '', NULL),
(3984, ' Bruni Alicia ', NULL, NULL, NULL, NULL, NULL, '2017-04-29 05:29:14', '', NULL),
(3985, ' Cabrera Y Nicastro ', NULL, NULL, NULL, NULL, NULL, '2017-04-29 05:29:14', '', NULL),
(3986, ' Gomez Marcela ', NULL, NULL, NULL, NULL, NULL, '2017-04-29 05:29:14', '', NULL),
(3987, ' Felice Abel Roque ', NULL, NULL, NULL, NULL, NULL, '2017-04-29 05:29:14', '', NULL),
(3988, ' Salinas Francisco Javier ', NULL, NULL, NULL, NULL, NULL, '2017-04-29 05:29:14', '', NULL),
(3989, ' D Alessandro Mariela ', NULL, NULL, NULL, NULL, NULL, '2017-04-29 05:29:14', '', NULL),
(3990, ' Dragonetti Hernan ', NULL, NULL, NULL, NULL, NULL, '2017-04-29 05:29:14', '', NULL),
(3991, ' Minig Hernan ', NULL, NULL, NULL, NULL, NULL, '2017-04-29 05:29:14', '', NULL),
(3993, ' Di Benedetto Tomas Mario ', NULL, NULL, NULL, NULL, NULL, '2017-04-29 05:29:14', '', NULL),
(3994, ' Emanuel  Rolando', NULL, NULL, NULL, NULL, NULL, '2017-04-29 05:29:14', '', NULL),
(3995, ' Cichelli Maria Fernanda ', NULL, NULL, NULL, NULL, NULL, '2017-04-29 05:29:14', '', NULL),
(3996, ' Osuthgra ', NULL, NULL, NULL, NULL, NULL, '2017-04-29 05:29:14', '', NULL),
(3997, ' Galindez Maria Eugenia ', NULL, NULL, NULL, NULL, NULL, '2017-04-29 05:29:14', '', NULL),
(3998, ' Nogueiro Adrian ', NULL, NULL, NULL, NULL, NULL, '2017-04-29 05:29:14', '', NULL),
(3999, ' Grinszpun Carlos ', NULL, NULL, NULL, NULL, NULL, '2017-04-29 05:29:14', '', NULL),
(4000, ' Pagnani Gustavo ', NULL, NULL, NULL, NULL, NULL, '2017-04-29 05:29:14', '', NULL),
(4001, ' Albornoz Isabel ', NULL, NULL, NULL, NULL, NULL, '2017-04-29 05:29:14', '', NULL),
(4003, ' Padovani Sanchez Hector ', NULL, NULL, NULL, NULL, NULL, '2017-04-29 05:29:14', '', NULL),
(4004, ' Martinez Miguel Angel ', NULL, NULL, NULL, NULL, NULL, '2017-04-29 05:29:14', '', NULL),
(4005, ' Gramuglia Olga ', NULL, NULL, NULL, NULL, NULL, '2017-04-29 05:29:14', '', NULL),
(4006, ' Porcaro De Graf Silvia ', NULL, NULL, NULL, NULL, NULL, '2017-04-29 05:29:14', '', NULL),
(4007, ' Ballester Maria Eugenia ', NULL, NULL, NULL, NULL, NULL, '2017-04-29 05:29:14', '', NULL),
(4008, ' Alonso Gomez Jose Luis ', NULL, NULL, NULL, NULL, NULL, '2017-04-29 05:29:14', '', NULL),
(4009, ' Del Valle Moreno Luis ', NULL, NULL, NULL, NULL, NULL, '2017-04-29 05:29:14', '', NULL),
(4010, ' Mosquera Schvartz David / Schvartz Liliana ', NULL, NULL, NULL, NULL, NULL, '2017-04-29 05:29:14', '', NULL),
(4011, ' Sfriso Maria Isabel ', NULL, NULL, NULL, NULL, NULL, '2017-04-29 05:29:14', '', NULL),
(4012, ' Baldo Miguel ', NULL, NULL, NULL, NULL, NULL, '2017-04-29 05:29:14', '', NULL),
(4013, ' Garcia Pablo ', NULL, NULL, NULL, NULL, NULL, '2017-04-29 05:29:14', '', NULL),
(4014, ' Toledo Juan Carlos ', NULL, NULL, NULL, NULL, NULL, '2017-04-29 05:29:14', '', NULL),
(4015, ' Oland Monica ', NULL, NULL, NULL, NULL, NULL, '2017-04-29 05:29:14', '', NULL),
(4016, ' Silvestre Norma ', NULL, NULL, NULL, NULL, NULL, '2017-04-29 05:29:14', '', NULL),
(4017, ' Bonacci Gisela ', NULL, NULL, NULL, NULL, NULL, '2017-04-29 05:29:14', '', NULL),
(4018, ' Moirano Armando ', NULL, NULL, NULL, NULL, NULL, '2017-04-29 05:29:14', '', NULL),
(4019, ' Rios Veronica Karina ', NULL, NULL, NULL, NULL, NULL, '2017-04-29 05:29:14', '', NULL),
(4020, ' Villalba Julio ', NULL, NULL, NULL, NULL, NULL, '2017-04-29 05:29:14', '', NULL),
(4021, ' Romano Osvaldo Alberto ', NULL, NULL, NULL, NULL, NULL, '2017-04-29 05:29:14', '', NULL),
(4022, ' Lombardi Liliana ', NULL, NULL, NULL, NULL, NULL, '2017-04-29 05:29:14', '', NULL),
(4023, ' Gonzalez Angel ', NULL, NULL, NULL, NULL, NULL, '2017-04-29 05:29:14', '', NULL),
(4024, ' Romero Gertrudis Antonia ', NULL, NULL, NULL, NULL, NULL, '2017-04-29 05:29:14', '', NULL),
(4025, ' Rosenvasser Hector ', NULL, NULL, NULL, NULL, NULL, '2017-04-29 05:29:14', '', NULL),
(4026, ' Cassinelli Susana ', NULL, NULL, NULL, NULL, NULL, '2017-04-29 05:29:14', '', NULL),
(4027, ' Cicero Josefina ', NULL, NULL, NULL, NULL, NULL, '2017-04-29 05:29:14', '', NULL),
(4028, ' Cecchi Adrian ', NULL, NULL, NULL, NULL, NULL, '2017-04-29 05:29:14', '', NULL),
(4029, ' Scarponi Laura ', NULL, NULL, NULL, NULL, NULL, '2017-04-29 05:29:14', '', NULL),
(4030, ' Vazquez Rosemary / De Cesare Gladys ', NULL, NULL, NULL, NULL, NULL, '2017-04-29 05:29:14', '', NULL),
(4032, ' Diaz Lucas Oscar ', NULL, NULL, NULL, NULL, NULL, '2017-04-29 05:29:14', '', NULL),
(4033, ' Wichner Ana Lidia ', NULL, NULL, NULL, NULL, NULL, '2017-04-29 05:29:14', '', NULL),
(4035, ' Casalia Maria Fernanda ', NULL, NULL, NULL, NULL, NULL, '2017-04-29 05:29:14', '', NULL),
(4036, ' Mallo Adrian  ', NULL, NULL, NULL, NULL, NULL, '2017-04-29 05:29:14', '', NULL),
(4037, ' Lanza Luciana ', NULL, NULL, NULL, NULL, NULL, '2017-04-29 05:29:14', '', NULL),
(4038, ' Layus Ignacio ', NULL, NULL, NULL, NULL, NULL, '2017-04-29 05:29:14', '', NULL),
(4039, ' Spinelli Mariela ', NULL, NULL, NULL, NULL, NULL, '2017-04-29 05:29:14', '', NULL),
(4040, ' Perez Mirta Susana ', NULL, NULL, NULL, NULL, NULL, '2017-04-29 05:29:14', '', NULL),
(4041, ' Cantelmi Ruben Amilcar Financiera Designio ', NULL, NULL, NULL, NULL, NULL, '2017-04-29 05:29:14', '', NULL),
(4042, ' Lopez Karina ', NULL, NULL, NULL, NULL, NULL, '2017-04-29 05:29:14', '', NULL),
(4043, ' Gamboa Carlosalberto ', NULL, NULL, NULL, NULL, NULL, '2017-04-29 05:29:14', '', NULL),
(4044, ' Cantelmi Aldo Prestancia Crediticia ', NULL, NULL, NULL, NULL, NULL, '2017-04-29 05:29:14', '', NULL),
(4045, ' Zubini Emilio ', NULL, NULL, NULL, NULL, NULL, '2017-04-29 05:29:14', '', NULL),
(4046, ' Nicodemo Natalio ', NULL, NULL, NULL, NULL, NULL, '2017-04-29 05:29:14', '', NULL),
(4047, ' Menendez Diego Hernan ', NULL, NULL, NULL, NULL, NULL, '2017-04-29 05:29:14', '', NULL),
(4048, ' Badano Aldo Ernesto ', NULL, NULL, NULL, NULL, NULL, '2017-04-29 05:29:14', '', NULL),
(4049, ' Enriquez Florencia ', NULL, NULL, NULL, NULL, NULL, '2017-04-29 05:29:14', '', NULL),
(4050, ' Estudio Blanco ', NULL, NULL, NULL, NULL, NULL, '2017-04-29 05:29:14', '', NULL),
(4051, ' Danzi Hernan ', NULL, NULL, NULL, NULL, NULL, '2017-04-29 05:29:14', '', NULL),
(4052, ' Bruno Alfredo ', NULL, NULL, NULL, NULL, NULL, '2017-04-29 05:29:14', '', NULL),
(4053, ' Chacon Valeria ', NULL, NULL, NULL, NULL, NULL, '2017-04-29 05:29:14', '', NULL),
(4054, ' Nu??ez Maria Cristina ', NULL, NULL, NULL, NULL, NULL, '2017-04-29 05:29:14', '', NULL),
(4055, ' Marotta Alfredo Carlos ', NULL, NULL, NULL, NULL, NULL, '2017-04-29 05:29:14', '', NULL),
(4056, ' Rossi Adriana ', NULL, NULL, NULL, NULL, NULL, '2017-04-29 05:29:14', '', NULL),
(4057, ' Miranda Edgardo ', NULL, NULL, NULL, NULL, NULL, '2017-04-29 05:29:14', '', NULL),
(4058, ' Martinetti Maria Ines ', NULL, NULL, NULL, NULL, NULL, '2017-04-29 05:29:14', '', NULL),
(4059, ' Marcenaro Diego Tomas/ Di Francesco Pablo ', NULL, NULL, NULL, NULL, NULL, '2017-04-29 05:29:14', '', NULL),
(4060, ' Vazquez Fernando ', NULL, NULL, NULL, NULL, NULL, '2017-04-29 05:29:14', '', NULL),
(4061, ' Nievas Iba??ez Maria Paula ', NULL, NULL, NULL, NULL, NULL, '2017-04-29 05:29:14', '', NULL),
(4062, ' Puente Osvaldo ', NULL, NULL, NULL, NULL, NULL, '2017-04-29 05:29:14', '', NULL),
(4063, ' Fondo Compensador Telef??nicos ', NULL, NULL, NULL, NULL, NULL, '2017-04-29 05:29:14', '', NULL),
(4064, ' Ferreyro Sebastian ', NULL, NULL, NULL, NULL, NULL, '2017-04-29 05:29:14', '', NULL),
(4065, ' Nu??ez De Maier Liliana ', NULL, NULL, NULL, NULL, NULL, '2017-04-29 05:29:14', '', NULL),
(4066, ' Rati Cintas Yacon ', NULL, NULL, NULL, NULL, NULL, '2017-04-29 05:29:14', '', NULL),
(4067, ' De Marco Cecilia Angela ', NULL, NULL, NULL, NULL, NULL, '2017-04-29 05:29:14', '', NULL),
(4068, ' Rao Marisa Daniela ', NULL, NULL, NULL, NULL, NULL, '2017-04-29 05:29:14', '', NULL),
(4069, ' Aja Gabriel ', NULL, NULL, NULL, NULL, NULL, '2017-04-29 05:29:14', '', NULL),
(4070, ' Papotti Hugo ', NULL, NULL, NULL, NULL, NULL, '2017-04-29 05:29:14', '', NULL),
(4071, ' Silvia ', NULL, NULL, NULL, NULL, NULL, '2017-04-29 05:29:14', '', NULL),
(4072, ' Ines ', NULL, NULL, NULL, NULL, NULL, '2017-04-29 05:29:14', '', NULL),
(4073, ' Rodriguez Silvera Laura ', NULL, NULL, NULL, NULL, NULL, '2017-04-29 05:29:14', '', NULL),
(4074, ' Alvarez Teresa ', NULL, NULL, NULL, NULL, NULL, '2017-04-29 05:29:14', '', NULL),
(4075, ' Zylinski Andres ', NULL, NULL, NULL, NULL, NULL, '2017-04-29 05:29:14', '', NULL),
(4076, ' Ramirez Fasoli Victoria ', NULL, NULL, NULL, NULL, NULL, '2017-04-29 05:29:15', '', NULL),
(4077, ' Grupo Grisolia ', NULL, NULL, NULL, NULL, NULL, '2017-04-29 05:29:15', '', NULL),
(4078, ' Kaspar Marta ', NULL, NULL, NULL, NULL, NULL, '2017-04-29 05:29:15', '', NULL),
(4079, ' Colombo Marta Maria Susana ', NULL, NULL, NULL, NULL, NULL, '2017-04-29 05:29:15', '', NULL),
(4080, ' Grispo Antonio ', NULL, NULL, NULL, NULL, NULL, '2017-04-29 05:29:15', '', NULL),
(4081, ' Kitainik Luis/ Nicolas ', NULL, NULL, NULL, NULL, NULL, '2017-04-29 05:29:15', '', NULL),
(4082, ' Lutteral Daiana ', NULL, NULL, NULL, NULL, NULL, '2017-04-29 05:29:15', '', NULL),
(4083, ' Zeoli Luciano / Balovier Cesar ', NULL, NULL, NULL, NULL, NULL, '2017-04-29 05:29:15', '', NULL),
(4084, ' Marcovich Marcela Veronica ', NULL, NULL, NULL, NULL, NULL, '2017-04-29 05:29:15', '', NULL),
(4085, ' Piro??o Norberto ', NULL, NULL, NULL, NULL, NULL, '2017-04-29 05:29:15', '', NULL),
(4086, ' Molina Julio Cesar ', NULL, NULL, NULL, NULL, NULL, '2017-04-29 05:29:15', '', NULL),
(4087, ' Rajmilchuk Santiago ', NULL, NULL, NULL, NULL, NULL, '2017-04-29 05:29:15', '', NULL),
(4088, ' Ci Gestiones Dr Pablo Wendt ', NULL, NULL, NULL, NULL, NULL, '2017-04-29 05:29:15', '', NULL),
(4089, ' Samaniego Mariana Veronica ', NULL, NULL, NULL, NULL, NULL, '2017-04-29 05:29:15', '', NULL),
(4090, ' Martinez De Alzaga Sa (patricia Merlano) ', NULL, NULL, NULL, NULL, NULL, '2017-04-29 05:29:15', '', NULL),
(4091, ' Pierini German ', NULL, NULL, NULL, NULL, NULL, '2017-04-29 05:29:15', '', NULL),
(4092, ' Rodriguez Andrea ', NULL, NULL, NULL, NULL, NULL, '2017-04-29 05:29:15', '', NULL),
(4093, ' E N R E Gonzalo De La Vega ', NULL, NULL, NULL, NULL, NULL, '2017-04-29 05:29:15', '', NULL),
(4094, ' Liguori Maria Blanca ', NULL, NULL, NULL, NULL, NULL, '2017-04-29 05:29:15', '', NULL),
(4095, ' Mondin Victor Hugo ', NULL, NULL, NULL, NULL, NULL, '2017-04-29 05:29:15', '', NULL),
(4096, ' Lopez Cesar ', NULL, NULL, NULL, NULL, NULL, '2017-04-29 05:29:15', '', NULL),
(4097, ' Luna Julio ', NULL, NULL, NULL, NULL, NULL, '2017-04-29 05:29:15', '', NULL),
(4098, ' Hernandez Rodolfo ', NULL, NULL, NULL, NULL, NULL, '2017-04-29 05:29:15', '', NULL),
(4099, ' Calvet Claudio ', NULL, NULL, NULL, NULL, NULL, '2017-04-29 05:29:15', '', NULL),
(4100, ' Cardozo Julio ', NULL, NULL, NULL, NULL, NULL, '2017-04-29 05:29:15', '', NULL),
(4101, ' D Ambrosio Martin ', NULL, NULL, NULL, NULL, NULL, '2017-04-29 05:29:15', '', NULL),
(4102, ' Ferreyra Lilia ', NULL, NULL, NULL, NULL, NULL, '2017-04-29 05:29:15', '', NULL),
(4103, ' Lezcano Jorge ', NULL, NULL, NULL, NULL, NULL, '2017-04-29 05:29:15', '', NULL),
(4104, ' Copes Guillermo Alberto ', NULL, NULL, NULL, NULL, NULL, '2017-04-29 05:29:15', '', NULL),
(4105, ' Dominguez Meza Paola Raquel ', NULL, NULL, NULL, NULL, NULL, '2017-04-29 05:29:15', '', NULL),
(4106, ' Vistica Guillermina ', NULL, NULL, NULL, NULL, NULL, '2017-04-29 05:29:15', '', NULL),
(4107, ' Comeza??a Sandra ', NULL, NULL, NULL, NULL, NULL, '2017-04-29 05:29:15', '', NULL),
(4108, ' Passuni Nilda ', NULL, NULL, NULL, NULL, NULL, '2017-04-29 05:29:15', '', NULL),
(4109, ' Maleh Sara Silvia ', NULL, NULL, NULL, NULL, NULL, '2017-04-29 05:29:15', '', NULL),
(4110, ' Ghigliazza Carina ', NULL, NULL, NULL, NULL, NULL, '2017-04-29 05:29:15', '', NULL),
(4111, ' Fuentes Y Asociados ', NULL, NULL, NULL, NULL, NULL, '2017-04-29 05:29:15', '', NULL),
(4112, ' Diaz Myrna ', NULL, NULL, NULL, NULL, NULL, '2017-04-29 05:29:15', '', NULL),
(4113, ' Gonzalez Marcela ', NULL, NULL, NULL, NULL, NULL, '2017-04-29 05:29:15', '', NULL),
(4114, ' Lopez Isabel Graciela ', NULL, NULL, NULL, NULL, NULL, '2017-04-29 05:29:15', '', NULL),
(4115, ' Vazquez Adrian Carlos ', NULL, NULL, NULL, NULL, NULL, '2017-04-29 05:29:15', '', NULL),
(4116, ' Moran Eduardo ', NULL, NULL, NULL, NULL, NULL, '2017-04-29 05:29:15', '', NULL),
(4117, ' Conde- Dixon Y Asociados ', NULL, NULL, NULL, NULL, NULL, '2017-04-29 05:29:15', '', NULL),
(4118, ' Tabbi Josefina ', NULL, NULL, NULL, NULL, NULL, '2017-04-29 05:29:15', '', NULL),
(4119, ' Geiszer Olga ', NULL, NULL, NULL, NULL, NULL, '2017-04-29 05:29:15', '', NULL),
(4120, ' Rico Daniel Alejandro ', NULL, NULL, NULL, NULL, NULL, '2017-04-29 05:29:15', '', NULL),
(4121, ' Alonso Luciana ', NULL, NULL, NULL, NULL, NULL, '2017-04-29 05:29:15', '', NULL),
(4122, ' Teijeira Fernanda ', NULL, NULL, NULL, NULL, NULL, '2017-04-29 05:29:15', '', NULL),
(4123, ' De Francisco Mier Maria De Las Mercedes ', NULL, NULL, NULL, NULL, NULL, '2017-04-29 05:29:15', '', NULL),
(4124, ' Cachiarelli Dario ', NULL, NULL, NULL, NULL, NULL, '2017-04-29 05:29:15', '', NULL),
(4125, ' Santamaria Valeria/ Portolesi Julieta ', NULL, NULL, NULL, NULL, NULL, '2017-04-29 05:29:15', '', NULL),
(4126, ' Irigoytia Jeremias ', NULL, NULL, NULL, NULL, NULL, '2017-04-29 05:29:15', '', NULL),
(4127, ' Rolandelli Maria ', NULL, NULL, NULL, NULL, NULL, '2017-04-29 05:29:15', '', NULL),
(4128, ' Dominguez Tejada Mariano ', NULL, NULL, NULL, NULL, NULL, '2017-04-29 05:29:15', '', NULL),
(4129, ' Haban Stella ', NULL, NULL, NULL, NULL, NULL, '2017-04-29 05:29:15', '', NULL),
(4130, ' Comision 1105 Grupo 4 ', NULL, NULL, NULL, NULL, NULL, '2017-04-29 05:29:15', '', NULL),
(4131, ' Romaniello Claudio ', NULL, NULL, NULL, NULL, NULL, '2017-04-29 05:29:15', '', NULL),
(4132, ' Vasallo Paula ', NULL, NULL, NULL, NULL, NULL, '2017-04-29 05:29:15', '', NULL),
(4133, ' Franceschino Elisa ', NULL, NULL, NULL, NULL, NULL, '2017-04-29 05:29:15', '', NULL),
(4134, ' Kitroser Dolores ', NULL, NULL, NULL, NULL, NULL, '2017-04-29 05:29:15', '', NULL),
(4135, ' Almano Adriana ', NULL, NULL, NULL, NULL, NULL, '2017-04-29 05:29:15', '', NULL),
(4136, ' Delgado Liliana ', NULL, NULL, NULL, NULL, NULL, '2017-04-29 05:29:15', '', NULL),
(4137, ' Vaca Pedro Eduardo ', NULL, NULL, NULL, NULL, NULL, '2017-04-29 05:29:15', '', NULL),
(4138, ' Guindo Monica ', NULL, NULL, NULL, NULL, NULL, '2017-04-29 05:29:15', '', NULL),
(4139, ' Vera Hugo ', NULL, NULL, NULL, NULL, NULL, '2017-04-29 05:29:15', '', NULL),
(4140, ' Paoletti Lucas ', NULL, NULL, NULL, NULL, NULL, '2017-04-29 05:29:15', '', NULL),
(4141, ' Clerissi Nora ', NULL, NULL, NULL, NULL, NULL, '2017-04-29 05:29:15', '', NULL),
(4142, ' Blanco Stella Maris ', NULL, NULL, NULL, NULL, NULL, '2017-04-29 05:29:15', '', NULL),
(4143, ' Caldari Hilda ', NULL, NULL, NULL, NULL, NULL, '2017-04-29 05:29:15', '', NULL),
(4144, ' Dobarro Mirta Eleonora ', NULL, NULL, NULL, NULL, NULL, '2017-04-29 05:29:15', '', NULL),
(4145, ' Loimil Borras Juan Manuel ', NULL, NULL, NULL, NULL, NULL, '2017-04-29 05:29:15', '', NULL),
(4146, ' Arias Rosa ', NULL, NULL, NULL, NULL, NULL, '2017-04-29 05:29:15', '', NULL),
(4147, ' Yrimia Hector Juan ', NULL, NULL, NULL, NULL, NULL, '2017-04-29 05:29:15', '', NULL),
(4148, ' Capanna Patricia ', NULL, NULL, NULL, NULL, NULL, '2017-04-29 05:29:15', '', NULL),
(4149, ' Sacchi Maria Alejandra ', NULL, NULL, NULL, NULL, NULL, '2017-04-29 05:29:15', '', NULL),
(4150, ' Bozzi Victoria ', NULL, NULL, NULL, NULL, NULL, '2017-04-29 05:29:15', '', NULL),
(4151, ' Gonzalez Ines ', NULL, NULL, NULL, NULL, NULL, '2017-04-29 05:29:15', '', NULL),
(4152, ' Karasik Brenda ', NULL, NULL, NULL, NULL, NULL, '2017-04-29 05:29:15', '', NULL),
(4153, ' Vetere Mariela ', NULL, NULL, NULL, NULL, NULL, '2017-04-29 05:29:15', '', NULL),
(4154, ' Zeballos Mirta Gladis ', NULL, NULL, NULL, NULL, NULL, '2017-04-29 05:29:15', '', NULL),
(4155, ' Vitelli Oscar ', NULL, NULL, NULL, NULL, NULL, '2017-04-29 05:29:15', '', NULL),
(4156, ' Trovato Francisco ', NULL, NULL, NULL, NULL, NULL, '2017-04-29 05:29:15', '', NULL),
(4157, ' Gonzalez Gladys ', NULL, NULL, NULL, NULL, NULL, '2017-04-29 05:29:15', '', NULL),
(4158, ' Estudio Reyes ', NULL, NULL, NULL, NULL, NULL, '2017-04-29 05:29:15', '', NULL),
(4159, ' Bertoni Nestor Federico ', NULL, NULL, NULL, NULL, NULL, '2017-04-29 05:29:15', '', NULL),
(4160, ' Arzubi Calvo Juan Ignacio ', NULL, NULL, NULL, NULL, NULL, '2017-04-29 05:29:15', '', NULL),
(4161, ' Federico Guillermo ', NULL, NULL, NULL, NULL, NULL, '2017-04-29 05:29:15', '', NULL),
(4163, ' Martinez Gustavo Alberto ', NULL, NULL, NULL, NULL, NULL, '2017-04-29 05:29:15', '', NULL),
(4164, ' Rutenberg Ruben ', NULL, NULL, NULL, NULL, NULL, '2017-04-29 05:29:15', '', NULL),
(4165, ' Tonon Claudia ', NULL, NULL, NULL, NULL, NULL, '2017-04-29 05:29:15', '', NULL),
(4166, ' Martos Ricardo Gustavo ', NULL, NULL, NULL, NULL, NULL, '2017-04-29 05:29:15', '', NULL),
(4167, ' Clarke- Modet Y Co ', NULL, NULL, NULL, NULL, NULL, '2017-04-29 05:29:15', '', NULL),
(4168, ' Zita Vincenzo ', NULL, NULL, NULL, NULL, NULL, '2017-04-29 05:29:15', '', NULL),
(4169, ' Traboulsi Fernando ', NULL, NULL, NULL, NULL, NULL, '2017-04-29 05:29:15', '', NULL),
(4170, ' De Vita Nora ', NULL, NULL, NULL, NULL, NULL, '2017-04-29 05:29:15', '', NULL),
(4171, ' Garcia Gianotti Paula ', NULL, NULL, NULL, NULL, NULL, '2017-04-29 05:29:15', '', NULL),
(4172, ' Imr Sa ', NULL, NULL, NULL, NULL, NULL, '2017-04-29 05:29:15', '', NULL),
(4173, ' Capara Gabriela ', NULL, NULL, NULL, NULL, NULL, '2017-04-29 05:29:15', '', NULL),
(4174, ' Fabbro Monica Patricia ', NULL, NULL, NULL, NULL, NULL, '2017-04-29 05:29:15', '', NULL),
(4175, ' Valdivia Rozas Liliana Alicia ', NULL, NULL, NULL, NULL, NULL, '2017-04-29 05:29:15', '', NULL),
(4176, ' Juarez Anabel ', NULL, NULL, NULL, NULL, NULL, '2017-04-29 05:29:15', '', NULL),
(4177, ' Liffourena Antonio ', NULL, NULL, NULL, NULL, NULL, '2017-04-29 05:29:15', '', NULL),
(4178, ' Gomez Ramon Armando ', NULL, NULL, NULL, NULL, NULL, '2017-04-29 05:29:15', '', NULL),
(4179, ' Garcia Barros Liliana ', NULL, NULL, NULL, NULL, NULL, '2017-04-29 05:29:15', '', NULL),
(4180, ' Mautone Mariela ', NULL, NULL, NULL, NULL, NULL, '2017-04-29 05:29:15', '', NULL),
(4181, ' Roccasalvo Mauro ', NULL, NULL, NULL, NULL, NULL, '2017-04-29 05:29:15', '', NULL),
(4182, ' Ferreira Sandra ', NULL, NULL, NULL, NULL, NULL, '2017-04-29 05:29:15', '', NULL),
(4183, ' Conrado Barone ', NULL, NULL, NULL, NULL, NULL, '2017-04-29 05:29:15', '', NULL),
(4184, ' Administracion De Profesionales Del Golf ', NULL, NULL, NULL, NULL, NULL, '2017-04-29 05:29:15', '', NULL),
(4185, ' Serrano Graciela ', NULL, NULL, NULL, NULL, NULL, '2017-04-29 05:29:15', '', NULL),
(4186, ' Balmes Norma Alicia ', NULL, NULL, NULL, NULL, NULL, '2017-04-29 05:29:15', '', NULL),
(4187, ' Waldman Emilia Leonor ', NULL, NULL, NULL, NULL, NULL, '2017-04-29 05:29:15', '', NULL),
(4188, ' Gonzalez Marcela Yudit ', NULL, NULL, NULL, NULL, NULL, '2017-04-29 05:29:15', '', NULL),
(4189, ' Volpintesta De Francisco ', NULL, NULL, NULL, NULL, NULL, '2017-04-29 05:29:15', '', NULL),
(4190, ' Aguirre Elene Guadalupe ', NULL, NULL, NULL, NULL, NULL, '2017-04-29 05:29:15', '', NULL),
(4191, ' Segui Cristian Javier ', NULL, NULL, NULL, NULL, NULL, '2017-04-29 05:29:15', '', NULL),
(4192, ' Bes Carolina- Karasik Brenda ', NULL, NULL, NULL, NULL, NULL, '2017-04-29 05:29:15', '', NULL),
(4193, ' Guzman Quinteros Marita ', NULL, NULL, NULL, NULL, NULL, '2017-04-29 05:29:15', '', NULL),
(4194, ' Tomasek Queila ', NULL, NULL, NULL, NULL, NULL, '2017-04-29 05:29:15', '', NULL),
(4195, ' Logriego Laura Nora ', NULL, NULL, NULL, NULL, NULL, '2017-04-29 05:29:15', '', NULL),
(4196, ' Zurita Sonia Elizabeth ', NULL, NULL, NULL, NULL, NULL, '2017-04-29 05:29:15', '', NULL),
(4197, ' Marovich Cristina ', NULL, NULL, NULL, NULL, NULL, '2017-04-29 05:29:15', '', NULL),
(4198, ' Artigas Maria Del Cielo ', NULL, NULL, NULL, NULL, NULL, '2017-04-29 05:29:15', '', NULL),
(4199, ' Pedrido Oro??o Carmen Yolanda ', NULL, NULL, NULL, NULL, NULL, '2017-04-29 05:29:15', '', NULL),
(4200, ' Rodriguez Augusto Adrian ', NULL, NULL, NULL, NULL, NULL, '2017-04-29 05:29:15', '', NULL),
(4201, ' Rae Daniel ', NULL, NULL, NULL, NULL, NULL, '2017-04-29 05:29:15', '', NULL),
(4203, ' Bekerman Adrian ', NULL, NULL, NULL, NULL, NULL, '2017-04-29 05:29:15', '', NULL),
(4204, ' Milano Norberto ', NULL, NULL, NULL, NULL, NULL, '2017-04-29 05:29:15', '', NULL),
(4205, ' Gagliardi Federico ', NULL, NULL, NULL, NULL, NULL, '2017-04-29 05:29:15', '', NULL),
(4206, ' Jimenez Alejandro Miguel ', NULL, NULL, NULL, NULL, NULL, '2017-04-29 05:29:15', '', NULL),
(4207, ' Rivera Alejandro Jorge ', NULL, NULL, NULL, NULL, NULL, '2017-04-29 05:29:15', '', NULL),
(4208, ' Bendayan Eduardo Javier ', NULL, NULL, NULL, NULL, NULL, '2017-04-29 05:29:15', '', NULL),
(4209, ' Salvatierra Luis Maria ', NULL, NULL, NULL, NULL, NULL, '2017-04-29 05:29:15', '', NULL),
(4210, ' Lopez Dora Gladis ', NULL, NULL, NULL, NULL, NULL, '2017-04-29 05:29:15', '', NULL),
(4211, ' Buil Nuria ', NULL, NULL, NULL, NULL, NULL, '2017-04-29 05:29:15', '', NULL),
(4212, ' Nekic Romina ', NULL, NULL, NULL, NULL, NULL, '2017-04-29 05:29:15', '', NULL),
(4213, ' Adriano ', NULL, NULL, NULL, NULL, NULL, '2017-04-29 05:29:15', '', NULL),
(4214, 'Abad Fernanda ', '', '', '', NULL, NULL, '2017-04-29 05:29:15', '', NULL),
(4215, ' Quiroga Karin ', NULL, NULL, NULL, NULL, NULL, '2017-04-29 05:29:15', '', NULL),
(4216, ' Marques Eduardo ', NULL, NULL, NULL, NULL, NULL, '2017-04-29 05:29:15', '', NULL),
(4217, ' Ferraro Alejandra Daniela ', NULL, NULL, NULL, NULL, NULL, '2017-04-29 05:29:15', '', NULL),
(4218, ' Nejamen Raquel ', NULL, NULL, NULL, NULL, NULL, '2017-04-29 05:29:15', '', NULL),
(4219, ' Dos Santos Mariana ', NULL, NULL, NULL, NULL, NULL, '2017-04-29 05:29:15', '', NULL),
(4220, ' Gimenez Hutton Gustavo Jorge ', NULL, NULL, NULL, NULL, NULL, '2017-04-29 05:29:15', '', NULL),
(4221, ' Villagra Sandra Flavia ', NULL, NULL, NULL, NULL, NULL, '2017-04-29 05:29:15', '', NULL),
(4222, ' Huerta Maria Noelia ', NULL, NULL, NULL, NULL, NULL, '2017-04-29 05:29:15', '', NULL),
(4223, ' Estudio Segal Ezequiel ', NULL, NULL, NULL, NULL, NULL, '2017-04-29 05:29:15', '', NULL),
(4224, ' Ramirez Celeste Araceli ', NULL, NULL, NULL, NULL, NULL, '2017-04-29 05:29:15', '', NULL),
(4225, ' Ojeda Veronica ', NULL, NULL, NULL, NULL, NULL, '2017-04-29 05:29:15', '', NULL),
(4226, ' Lafon Veronica ', NULL, NULL, NULL, NULL, NULL, '2017-04-29 05:29:15', '', NULL),
(4227, ' Nievas Karina ', NULL, NULL, NULL, NULL, NULL, '2017-04-29 05:29:15', '', NULL),
(4228, ' Jaume Maria ', NULL, NULL, NULL, NULL, NULL, '2017-04-29 05:29:15', '', NULL),
(4229, ' Ciniselli Romina ', NULL, NULL, NULL, NULL, NULL, '2017-04-29 05:29:15', '', NULL),
(4230, ' Prati Gustavo Rodolfo ', NULL, NULL, NULL, NULL, NULL, '2017-04-29 05:29:15', '', NULL),
(4231, ' Garcia Monti Adriana ', NULL, NULL, NULL, NULL, NULL, '2017-04-29 05:29:15', '', NULL),
(4232, ' Preiti Fabio ', NULL, NULL, NULL, NULL, NULL, '2017-04-29 05:29:15', '', NULL),
(4233, ' R Y R Prestamos Srl ', NULL, NULL, NULL, NULL, NULL, '2017-04-29 05:29:15', '', NULL),
(4234, ' Heredia  Fernanda/ Salvador', NULL, NULL, NULL, NULL, NULL, '2017-04-29 05:29:15', '', NULL),
(4235, ' Rodriguez Monica Liliana ', NULL, NULL, NULL, NULL, NULL, '2017-04-29 05:29:15', '', NULL),
(4236, ' Sosa Cristina ', NULL, NULL, NULL, NULL, NULL, '2017-04-29 05:29:15', '', NULL),
(4237, ' Galarraga Ernesto ', NULL, NULL, NULL, NULL, NULL, '2017-04-29 05:29:15', '', NULL),
(4238, ' Ramirez Natalia ', NULL, NULL, NULL, NULL, NULL, '2017-04-29 05:29:15', '', NULL),
(4239, ' Zambetti Flavio ', NULL, NULL, NULL, NULL, NULL, '2017-04-29 05:29:15', '', NULL),
(4240, ' Colicigno Celeste ', NULL, NULL, NULL, NULL, NULL, '2017-04-29 05:29:15', '', NULL),
(4241, ' Denk Viviana ', NULL, NULL, NULL, NULL, NULL, '2017-04-29 05:29:15', '', NULL),
(4242, ' Pipponzi Maria Jimena ', NULL, NULL, NULL, NULL, NULL, '2017-04-29 05:29:15', '', NULL),
(4243, ' Jerez Liliana/ Dupuy Alicia ', NULL, NULL, NULL, NULL, NULL, '2017-04-29 05:29:15', '', NULL),
(4244, ' Martinez Diego Julian ', NULL, NULL, NULL, NULL, NULL, '2017-04-29 05:29:15', '', NULL),
(4245, ' Gioino Jose Ignacio ', NULL, NULL, NULL, NULL, NULL, '2017-04-29 05:29:15', '', NULL),
(4246, ' Feldman Marcelo ', NULL, NULL, NULL, NULL, NULL, '2017-04-29 05:29:15', '', NULL),
(4247, ' Giambelluca Santos ', NULL, NULL, NULL, NULL, NULL, '2017-04-29 05:29:15', '', NULL),
(4248, ' Florentin Norma ', NULL, NULL, NULL, NULL, NULL, '2017-04-29 05:29:15', '', NULL),
(4249, ' Calo ', NULL, NULL, NULL, NULL, NULL, '2017-04-29 05:29:15', '', NULL),
(4250, ' Lombar Flavia ', NULL, NULL, NULL, NULL, NULL, '2017-04-29 05:29:15', '', NULL),
(4251, ' Rodriguez Evelyn ', NULL, NULL, NULL, NULL, NULL, '2017-04-29 05:29:15', '', NULL),
(4253, ' Marrano Elias ', NULL, NULL, NULL, NULL, NULL, '2017-04-29 05:29:15', '', NULL),
(4254, ' Villaverde Beatriz ', NULL, NULL, NULL, NULL, NULL, '2017-04-29 05:29:15', '', NULL),
(4255, ' Cuestas Gilberto ', NULL, NULL, NULL, NULL, NULL, '2017-04-29 05:29:15', '', NULL),
(4256, ' Caruso Diaz Natalia ', NULL, NULL, NULL, NULL, NULL, '2017-04-29 05:29:15', '', NULL),
(4257, ' Jardon Jazmin ', NULL, NULL, NULL, NULL, NULL, '2017-04-29 05:29:15', '', NULL),
(4258, ' Dymensztein Jorge ', NULL, NULL, NULL, NULL, NULL, '2017-04-29 05:29:15', '', NULL),
(4259, ' Torcivia Carlos ', NULL, NULL, NULL, NULL, NULL, '2017-04-29 05:29:15', '', NULL);
INSERT INTO `clientes` (`id`, `nombre`, `domicilio`, `telefono`, `email`, `saldo_inicial`, `como_nos_conocio`, `fecha_ingreso`, `password`, `fecha_envio_correo`) VALUES
(4260, ' Riccioli Javier Hernan ', NULL, NULL, NULL, NULL, NULL, '2017-04-29 05:29:15', '', NULL),
(4261, ' Mari??o Mirna ', NULL, NULL, NULL, NULL, NULL, '2017-04-29 05:29:15', '', NULL),
(4262, ' Ramos Ruth ', NULL, NULL, NULL, NULL, NULL, '2017-04-29 05:29:15', '', NULL),
(4263, ' Schusmuller Isela ', NULL, NULL, NULL, NULL, NULL, '2017-04-29 05:29:15', '', NULL),
(4264, ' Moyano Nores Jose ', NULL, NULL, NULL, NULL, NULL, '2017-04-29 05:29:15', '', NULL),
(4265, ' Arenzana Tomas ', NULL, NULL, NULL, NULL, NULL, '2017-04-29 05:29:15', '', NULL),
(4266, ' Campobassi Carolina ', NULL, NULL, NULL, NULL, NULL, '2017-04-29 05:29:15', '', NULL),
(4267, ' De Zorzi Pablo ', NULL, NULL, NULL, NULL, NULL, '2017-04-29 05:29:15', '', NULL),
(4268, ' Lombardini Maria ', NULL, NULL, NULL, NULL, NULL, '2017-04-29 05:29:15', '', NULL),
(4269, ' Raffo Geracitano ', NULL, NULL, NULL, NULL, NULL, '2017-04-29 05:29:15', '', NULL),
(4270, ' Grubisich Irma ', NULL, NULL, NULL, NULL, NULL, '2017-04-29 05:29:15', '', NULL),
(4271, ' Alvarez Hector Alberto ', NULL, NULL, NULL, NULL, NULL, '2017-04-29 05:29:15', '', NULL),
(4272, ' Benitez Hector Daniel ', NULL, NULL, NULL, NULL, NULL, '2017-04-29 05:29:15', '', NULL),
(4273, ' Bonjour Castro ', NULL, NULL, NULL, NULL, NULL, '2017-04-29 05:29:15', '', NULL),
(4274, ' Brsv Abogados ', NULL, NULL, NULL, NULL, NULL, '2017-04-29 05:29:15', '', NULL),
(4275, ' Castro Silvia Elizabeth ', NULL, NULL, NULL, NULL, NULL, '2017-04-29 05:29:15', '', NULL),
(4276, ' Mercante Andrea ', NULL, NULL, NULL, NULL, NULL, '2017-04-29 05:29:15', '', NULL),
(4277, ' Vellegal Maria Y Carlos ', NULL, NULL, NULL, NULL, NULL, '2017-04-29 05:29:15', '', NULL),
(4278, ' Garcia Dupont ', NULL, NULL, NULL, NULL, NULL, '2017-04-29 05:29:15', '', NULL),
(4279, ' Garcia Massaferro ', NULL, NULL, NULL, NULL, NULL, '2017-04-29 05:29:15', '', NULL),
(4280, ' Cuello Miriam ', NULL, NULL, NULL, NULL, NULL, '2017-04-29 05:29:15', '', NULL),
(4281, ' Tito Salvador ', NULL, NULL, NULL, NULL, NULL, '2017-04-29 05:29:15', '', NULL),
(4282, ' Padula Mariano ', NULL, NULL, NULL, NULL, NULL, '2017-04-29 05:29:15', '', NULL),
(4283, ' Samsara ', NULL, NULL, NULL, NULL, NULL, '2017-04-29 05:29:15', '', NULL),
(4284, ' Portales Magali ', NULL, NULL, NULL, NULL, NULL, '2017-04-29 05:29:15', '', NULL),
(4285, ' Perez Melo Fernando ', NULL, NULL, NULL, NULL, NULL, '2017-04-29 05:29:15', '', NULL),
(4286, ' Young Tomas ', NULL, NULL, NULL, NULL, NULL, '2017-04-29 05:29:15', '', NULL),
(4287, ' Dalia Mariela ', NULL, NULL, NULL, NULL, NULL, '2017-04-29 05:29:15', '', NULL),
(4288, ' Carnevaliamalia ', NULL, NULL, NULL, NULL, NULL, '2017-04-29 05:29:15', '', NULL),
(4289, ' Fuster Gabriela Isabel ', NULL, NULL, NULL, NULL, NULL, '2017-04-29 05:29:15', '', NULL),
(4290, ' Garbagnoli Claudia ', NULL, NULL, NULL, NULL, NULL, '2017-04-29 05:29:15', '', NULL),
(4291, ' Irala Pablo ', NULL, NULL, NULL, NULL, NULL, '2017-04-29 05:29:15', '', NULL),
(4292, ' Straface/arbini  ', NULL, NULL, NULL, NULL, NULL, '2017-04-29 05:29:15', '', NULL),
(4293, ' Crespin Adriana ', NULL, NULL, NULL, NULL, NULL, '2017-04-29 05:29:15', '', NULL),
(4294, ' Tripiana Miriam ', NULL, NULL, NULL, NULL, NULL, '2017-04-29 05:29:15', '', NULL),
(4295, ' Iantorno Irene ', NULL, NULL, NULL, NULL, NULL, '2017-04-29 05:29:15', '', NULL),
(4296, ' Funes Maria Teresa ', NULL, NULL, NULL, NULL, NULL, '2017-04-29 05:29:15', '', NULL),
(4297, ' Coria Andrea ', NULL, NULL, NULL, NULL, NULL, '2017-04-29 05:29:15', '', NULL),
(4298, ' Trojan Oscar ', NULL, NULL, NULL, NULL, NULL, '2017-04-29 05:29:15', '', NULL),
(4299, ' Romero Paulo ', NULL, NULL, NULL, NULL, NULL, '2017-04-29 05:29:15', '', NULL),
(4300, ' Chamorro Jose Daniel ', NULL, NULL, NULL, NULL, NULL, '2017-04-29 05:29:15', '', NULL),
(4301, ' Vignati Maria Alejandra ', NULL, NULL, NULL, NULL, NULL, '2017-04-29 05:29:15', '', NULL),
(4302, ' Meli Cesar German ', NULL, NULL, NULL, NULL, NULL, '2017-04-29 05:29:15', '', NULL),
(4303, ' Duer Gabriela ', NULL, NULL, NULL, NULL, NULL, '2017-04-29 05:29:15', '', NULL),
(4304, ' Alberg Marcelo ', NULL, NULL, NULL, NULL, NULL, '2017-04-29 05:29:15', '', NULL),
(4305, ' Kinaschuk Susana ', NULL, NULL, NULL, NULL, NULL, '2017-04-29 05:29:15', '', NULL),
(4306, ' Cayo Gonzalo ', NULL, NULL, NULL, NULL, NULL, '2017-04-29 05:29:15', '', NULL),
(4307, ' Bartfeld Damian ', NULL, NULL, NULL, NULL, NULL, '2017-04-29 05:29:15', '', NULL),
(4308, ' Palacio Pablo ', NULL, NULL, NULL, NULL, NULL, '2017-04-29 05:29:15', '', NULL),
(4309, ' Indij Alberto ', NULL, NULL, NULL, NULL, NULL, '2017-04-29 05:29:15', '', NULL),
(4310, ' Campdepadros Enrique ', NULL, NULL, NULL, NULL, NULL, '2017-04-29 05:29:15', '', NULL),
(4311, ' Sbarra Andrea ', NULL, NULL, NULL, NULL, NULL, '2017-04-29 05:29:15', '', NULL),
(4312, ' Garcia Silvina ', NULL, NULL, NULL, NULL, NULL, '2017-04-29 05:29:15', '', NULL),
(4313, ' Glusman Carlos ', NULL, NULL, NULL, NULL, NULL, '2017-04-29 05:29:15', '', NULL),
(4314, ' Rey Vazquez Jorge ', NULL, NULL, NULL, NULL, NULL, '2017-04-29 05:29:15', '', NULL),
(4315, ' Lombardo Claudia Fernanda ', NULL, NULL, NULL, NULL, NULL, '2017-04-29 05:29:15', '', NULL),
(4316, ' Spodek ', NULL, NULL, NULL, NULL, NULL, '2017-04-29 05:29:15', '', NULL),
(4317, ' Diaz Ramon ', NULL, NULL, NULL, NULL, NULL, '2017-04-29 05:29:15', '', NULL),
(4318, ' Burs Maria Ines ', NULL, NULL, NULL, NULL, NULL, '2017-04-29 05:29:15', '', NULL),
(4319, ' Orgambide Gabriela ', NULL, NULL, NULL, NULL, NULL, '2017-04-29 05:29:15', '', NULL),
(4320, ' Bolasell Maria Sol ', NULL, NULL, NULL, NULL, NULL, '2017-04-29 05:29:15', '', NULL),
(4321, ' Bascur Carina ', NULL, NULL, NULL, NULL, NULL, '2017-04-29 05:29:15', '', NULL),
(4322, ' Garcia Boado Maria Cristina ', NULL, NULL, NULL, NULL, NULL, '2017-04-29 05:29:15', '', NULL),
(4323, ' Mantilla Gustavo ', NULL, NULL, NULL, NULL, NULL, '2017-04-29 05:29:15', '', NULL),
(4324, ' Mansilla Nestor Alejandro ', NULL, NULL, NULL, NULL, NULL, '2017-04-29 05:29:15', '', NULL),
(4325, ' Mangieri Carina ', NULL, NULL, NULL, NULL, NULL, '2017-04-29 05:29:15', '', NULL),
(4326, ' Lista Soledad ', NULL, NULL, NULL, NULL, NULL, '2017-04-29 05:29:15', '', NULL),
(4328, ' Breitman Clara ', NULL, NULL, NULL, NULL, NULL, '2017-04-29 05:29:15', '', NULL),
(4331, ' Guillen Juan Carlos ', NULL, NULL, NULL, NULL, NULL, '2017-04-29 05:29:15', '', NULL),
(4332, ' Grinszpun Mariano ', NULL, NULL, NULL, NULL, NULL, '2017-04-29 05:29:15', '', NULL),
(4333, ' Consistre Norma ', NULL, NULL, NULL, NULL, NULL, '2017-04-29 05:29:15', '', NULL),
(4334, ' Benedetti Florencia ', NULL, NULL, NULL, NULL, NULL, '2017-04-29 05:29:15', '', NULL),
(4337, ' Garcia Elisa ', NULL, NULL, NULL, NULL, NULL, '2017-04-29 05:29:15', '', NULL),
(4338, ' Marrapodi Marcela Silvia ', NULL, NULL, NULL, NULL, NULL, '2017-04-29 05:29:15', '', NULL),
(4339, ' Ronchini Claudio Felix ', NULL, NULL, NULL, NULL, NULL, '2017-04-29 05:29:15', '', NULL),
(4340, ' Suhr Ingrid Elizabeth ', NULL, NULL, NULL, NULL, NULL, '2017-04-29 05:29:15', '', NULL),
(4341, ' Grupo 4 Practico Uba ', NULL, NULL, NULL, NULL, NULL, '2017-04-29 05:29:15', '', NULL),
(4342, ' Brasburg Marcelo ', NULL, NULL, NULL, NULL, NULL, '2017-04-29 05:29:15', '', NULL),
(4343, ' Gil Pedro Omar ', NULL, NULL, NULL, NULL, NULL, '2017-04-29 05:29:15', '', NULL),
(4344, ' Cammi Enrique Pedro ', NULL, NULL, NULL, NULL, NULL, '2017-04-29 05:29:15', '', NULL),
(4345, ' Alonso Jorge Marcelo ', NULL, NULL, NULL, NULL, NULL, '2017-04-29 05:29:15', '', NULL),
(4346, ' Lee Kwon Mi ', NULL, NULL, NULL, NULL, NULL, '2017-04-29 05:29:15', '', NULL),
(4347, ' Segura Cristina ', NULL, NULL, NULL, NULL, NULL, '2017-04-29 05:29:15', '', NULL),
(4348, ' Gonzalez Adriana ', NULL, NULL, NULL, NULL, NULL, '2017-04-29 05:29:15', '', NULL),
(4349, ' Martinez Luis Daniel ', NULL, NULL, NULL, NULL, NULL, '2017-04-29 05:29:15', '', NULL),
(4350, ' Nascone Gabriela ', NULL, NULL, NULL, NULL, NULL, '2017-04-29 05:29:15', '', NULL),
(4351, ' Ferdman Alejo ', NULL, NULL, NULL, NULL, NULL, '2017-04-29 05:29:15', '', NULL),
(4352, ' Carreras Esteban ', NULL, NULL, NULL, NULL, NULL, '2017-04-29 05:29:15', '', NULL),
(4353, ' Jarke Maria Del Carmen ', NULL, NULL, NULL, NULL, NULL, '2017-04-29 05:29:15', '', NULL),
(4354, ' Escudero Maria Pia ', NULL, NULL, NULL, NULL, NULL, '2017-04-29 05:29:15', '', NULL),
(4355, ' Rechudi Miguel Angel ', NULL, NULL, NULL, NULL, NULL, '2017-04-29 05:29:15', '', NULL),
(4356, ' Huidobro Martin ', NULL, NULL, NULL, NULL, NULL, '2017-04-29 05:29:15', '', NULL),
(4357, ' Soc Abogados ', NULL, NULL, NULL, NULL, NULL, '2017-04-29 05:29:15', '', NULL),
(4358, ' Garcia Paredes Maria Consuelo ', NULL, NULL, NULL, NULL, NULL, '2017-04-29 05:29:15', '', NULL),
(4359, ' Troiti??o Matias ', NULL, NULL, NULL, NULL, NULL, '2017-04-29 05:29:15', '', NULL),
(4360, ' Camerano Angela Isabel ', NULL, NULL, NULL, NULL, NULL, '2017-04-29 05:29:15', '', NULL),
(4361, ' Ducre Jesica ', NULL, NULL, NULL, NULL, NULL, '2017-04-29 05:29:15', '', NULL),
(4362, ' Ferdman Diego Javier ', NULL, NULL, NULL, NULL, NULL, '2017-04-29 05:29:15', '', NULL),
(4363, ' Monner Sans Ricardo ', NULL, NULL, NULL, NULL, NULL, '2017-04-29 05:29:15', '', NULL),
(4364, ' Noguerol Viviana Marcela ', NULL, NULL, NULL, NULL, NULL, '2017-04-29 05:29:15', '', NULL),
(4365, ' Browne Ilda ', NULL, NULL, NULL, NULL, NULL, '2017-04-29 05:29:15', '', NULL),
(4366, ' Olombrada Jorge ', NULL, NULL, NULL, NULL, NULL, '2017-04-29 05:29:15', '', NULL),
(4367, ' Figueredo Fernando ', NULL, NULL, NULL, NULL, NULL, '2017-04-29 05:29:15', '', NULL),
(4368, ' Tolosa Marisa ', NULL, NULL, NULL, NULL, NULL, '2017-04-29 05:29:15', '', NULL),
(4369, ' Gfc Asociados ', NULL, NULL, NULL, NULL, NULL, '2017-04-29 05:29:15', '', NULL),
(4370, ' Simaes Mailen ', NULL, NULL, NULL, NULL, NULL, '2017-04-29 05:29:15', '', NULL),
(4371, ' Quagliaradi Josefina ', NULL, NULL, NULL, NULL, NULL, '2017-04-29 05:29:15', '', NULL),
(4372, ' Calvosa Claudia ', NULL, NULL, NULL, NULL, NULL, '2017-04-29 05:29:15', '', NULL),
(4373, ' Gadan Alicia ', NULL, NULL, NULL, NULL, NULL, '2017-04-29 05:29:15', '', NULL),
(4374, ' Fari??a Sandra ', NULL, NULL, NULL, NULL, NULL, '2017-04-29 05:29:15', '', NULL),
(4375, ' Ronconi Leandro ', NULL, NULL, NULL, NULL, NULL, '2017-04-29 05:29:15', '', NULL),
(4376, ' Gimenez Marta Irma ', NULL, NULL, NULL, NULL, NULL, '2017-04-29 05:29:15', '', NULL),
(4377, ' Estudio Pareja ', NULL, NULL, NULL, NULL, NULL, '2017-04-29 05:29:15', '', NULL),
(4378, ' Gajowniczek Irene Cristina ', NULL, NULL, NULL, NULL, NULL, '2017-04-29 05:29:15', '', NULL),
(4379, ' Muller Marta ', NULL, NULL, NULL, NULL, NULL, '2017-04-29 05:29:15', '', NULL),
(4380, ' Martin Natacha ', NULL, NULL, NULL, NULL, NULL, '2017-04-29 05:29:15', '', NULL),
(4381, ' Rembado Juan ', NULL, NULL, NULL, NULL, NULL, '2017-04-29 05:29:15', '', NULL),
(4382, ' Prieto Andrea ', NULL, NULL, NULL, NULL, NULL, '2017-04-29 05:29:15', '', NULL),
(4383, ' Rodriguez Muller Melina Emilia ', NULL, NULL, NULL, NULL, NULL, '2017-04-29 05:29:15', '', NULL),
(4384, ' Di Francesco Horacio ', NULL, NULL, NULL, NULL, NULL, '2017-04-29 05:29:15', '', NULL),
(4385, ' Bourdieu Jorge Emilio ', NULL, NULL, NULL, NULL, NULL, '2017-04-29 05:29:15', '', NULL),
(4386, ' Shapira Y Asociados/ ', NULL, NULL, NULL, NULL, NULL, '2017-04-29 05:29:15', '', NULL),
(4387, ' Schvartzman Yesica ', NULL, NULL, NULL, NULL, NULL, '2017-04-29 05:29:15', '', NULL),
(4388, ' Gonzalez Mariana ', NULL, NULL, NULL, NULL, NULL, '2017-04-29 05:29:15', '', NULL),
(4389, ' Heck Ana Elizabeth ', NULL, NULL, NULL, NULL, NULL, '2017-04-29 05:29:15', '', NULL),
(4390, ' Zitterman Alejandra Veronica ', NULL, NULL, NULL, NULL, NULL, '2017-04-29 05:29:15', '', NULL),
(4391, ' Barbitta Mariana ', NULL, NULL, NULL, NULL, NULL, '2017-04-29 05:29:15', '', NULL),
(4392, ' San Martin Fanny ', NULL, NULL, NULL, NULL, NULL, '2017-04-29 05:29:15', '', NULL),
(4393, ' Campagnoli Carlos Y Campagnoli Marcelo ', NULL, NULL, NULL, NULL, NULL, '2017-04-29 05:29:15', '', NULL),
(4394, ' Marini Eduardo Santiago Jose ', NULL, NULL, NULL, NULL, NULL, '2017-04-29 05:29:15', '', NULL),
(4395, ' Manzini Maria Luisa ', NULL, NULL, NULL, NULL, NULL, '2017-04-29 05:29:15', '', NULL),
(4396, ' Perez Souts Federico ', NULL, NULL, NULL, NULL, NULL, '2017-04-29 05:29:15', '', NULL),
(4397, ' Scalco Valeria Alejandra ', NULL, NULL, NULL, NULL, NULL, '2017-04-29 05:29:15', '', NULL),
(4398, ' Rossi Marisa ', NULL, NULL, NULL, NULL, NULL, '2017-04-29 05:29:15', '', NULL),
(4399, ' Fioroni Y Asociados ', NULL, NULL, NULL, NULL, NULL, '2017-04-29 05:29:15', '', NULL),
(4400, ' Gilabert Edgardo Alberto ', NULL, NULL, NULL, NULL, NULL, '2017-04-29 05:29:15', '', NULL),
(4401, ' Acosta Paola ', NULL, NULL, NULL, NULL, NULL, '2017-04-29 05:29:15', '', NULL),
(4402, ' Alvarez Mariana Carla ', NULL, NULL, NULL, NULL, NULL, '2017-04-29 05:29:15', '', NULL),
(4403, ' Trebolle Luis Eduardo ', NULL, NULL, NULL, NULL, NULL, '2017-04-29 05:29:15', '', NULL),
(4404, ' Menendez Carlos A ', NULL, NULL, NULL, NULL, NULL, '2017-04-29 05:29:15', '', NULL),
(4405, ' Etcheverry Raul Bernardo ', NULL, NULL, NULL, NULL, NULL, '2017-04-29 05:29:15', '', NULL),
(4406, ' Noblea Cecilia Andrea ', NULL, NULL, NULL, NULL, NULL, '2017-04-29 05:29:15', '', NULL),
(4407, ' Gallo Nestor ', NULL, NULL, NULL, NULL, NULL, '2017-04-29 05:29:15', '', NULL),
(4408, ' Szulman Mario ', NULL, NULL, NULL, NULL, NULL, '2017-04-29 05:29:15', '', NULL),
(4410, ' Goyeneche Matias ', NULL, NULL, NULL, NULL, NULL, '2017-04-29 05:29:15', '', NULL),
(4411, ' Figurelli Silvina ', NULL, NULL, NULL, NULL, NULL, '2017-04-29 05:29:15', '', NULL),
(4412, ' Gonzalez Roxana Daniela ', NULL, NULL, NULL, NULL, NULL, '2017-04-29 05:29:15', '', NULL),
(4413, ' Latorraga Ignacio ', NULL, NULL, NULL, NULL, NULL, '2017-04-29 05:29:15', '', NULL),
(4414, ' De Medicis Patricia ', NULL, NULL, NULL, NULL, NULL, '2017-04-29 05:29:15', '', NULL),
(4415, ' Blanco Alberto Victor ', NULL, NULL, NULL, NULL, NULL, '2017-04-29 05:29:15', '', NULL),
(4416, ' Forte Valiente Paola ', NULL, NULL, NULL, NULL, NULL, '2017-04-29 05:29:15', '', NULL),
(4417, ' Callieri Sebastian ', NULL, NULL, NULL, NULL, NULL, '2017-04-29 05:29:15', '', NULL),
(4418, ' Squassi Paula ', NULL, NULL, NULL, NULL, NULL, '2017-04-29 05:29:15', '', NULL),
(4419, ' Nara Alejandra Viviana ', NULL, NULL, NULL, NULL, NULL, '2017-04-29 05:29:15', '', NULL),
(4420, ' Bordignon Rosa Edelweys ', NULL, NULL, NULL, NULL, NULL, '2017-04-29 05:29:15', '', NULL),
(4421, ' Luques Carlos Alberto ', NULL, NULL, NULL, NULL, NULL, '2017-04-29 05:29:15', '', NULL),
(4422, ' Jauregualzo Silvia Ana ', NULL, NULL, NULL, NULL, NULL, '2017-04-29 05:29:15', '', NULL),
(4423, ' Fernandez Silvana Elena ', NULL, NULL, NULL, NULL, NULL, '2017-04-29 05:29:15', '', NULL),
(4424, ' Spinetto Ana Lila ', NULL, NULL, NULL, NULL, NULL, '2017-04-29 05:29:15', '', NULL),
(4425, ' Donato Griselda ', NULL, NULL, NULL, NULL, NULL, '2017-04-29 05:29:15', '', NULL),
(4426, ' Ojeda Griselda ', NULL, NULL, NULL, NULL, NULL, '2017-04-29 05:29:15', '', NULL),
(4427, ' Nacucchio Jose Luis ', NULL, NULL, NULL, NULL, NULL, '2017-04-29 05:29:15', '', NULL),
(4428, ' Vieyra Enrique ', NULL, NULL, NULL, NULL, NULL, '2017-04-29 05:29:15', '', NULL),
(4429, ' Diez Roberto Rodrigo ', NULL, NULL, NULL, NULL, NULL, '2017-04-29 05:29:15', '', NULL),
(4430, ' Angione Alejandra- ', NULL, NULL, NULL, NULL, NULL, '2017-04-29 05:29:15', '', NULL),
(4431, ' Costa Carlos ', NULL, NULL, NULL, NULL, NULL, '2017-04-29 05:29:15', '', NULL),
(4432, ' Ministerio De Energia Y Mineria ', NULL, NULL, NULL, NULL, NULL, '2017-04-29 05:29:15', '', NULL),
(4433, ' Vieites Maira Dolly ', NULL, NULL, NULL, NULL, NULL, '2017-04-29 05:29:15', '', NULL),
(4434, ' Paterno Alberto ', NULL, NULL, NULL, NULL, NULL, '2017-04-29 05:29:15', '', NULL),
(4435, ' Mauro Carina ', NULL, NULL, NULL, NULL, NULL, '2017-04-29 05:29:15', '', NULL),
(4436, ' Paulet Florencia ', NULL, NULL, NULL, NULL, NULL, '2017-04-29 05:29:15', '', NULL),
(4437, ' Romero Andrea Carolina ', NULL, NULL, NULL, NULL, NULL, '2017-04-29 05:29:15', '', NULL),
(4438, ' Giuliano Maria De Los Angeles ', NULL, NULL, NULL, NULL, NULL, '2017-04-29 05:29:15', '', NULL),
(4439, ' Villaverde Silvio Javier ', NULL, NULL, NULL, NULL, NULL, '2017-04-29 05:29:15', '', NULL),
(4440, ' Gomez Eliana ', NULL, NULL, NULL, NULL, NULL, '2017-04-29 05:29:15', '', NULL),
(4441, ' Herrero Manuel ', NULL, NULL, NULL, NULL, NULL, '2017-04-29 05:29:15', '', NULL),
(4442, ' Marcos Berta Teresa ', NULL, NULL, NULL, NULL, NULL, '2017-04-29 05:29:15', '', NULL),
(4443, ' Leon Irma ', NULL, NULL, NULL, NULL, NULL, '2017-04-29 05:29:15', '', NULL),
(4444, ' Rodriguez Ana Soledad ', NULL, NULL, NULL, NULL, NULL, '2017-04-29 05:29:15', '', NULL),
(4445, ' Basiniani Edelmira ', NULL, NULL, NULL, NULL, NULL, '2017-04-29 05:29:15', '', NULL),
(4446, ' Pensotti Fernando Rodolfo ', NULL, NULL, NULL, NULL, NULL, '2017-04-29 05:29:15', '', NULL),
(4447, ' Fernandino Natalia ', NULL, NULL, NULL, NULL, NULL, '2017-04-29 05:29:15', '', NULL),
(4448, ' Nu??ez Jorge Daniel ', NULL, NULL, NULL, NULL, NULL, '2017-04-29 05:29:15', '', NULL),
(4449, ' Alonso Perla Rosalva ', NULL, NULL, NULL, NULL, NULL, '2017-04-29 05:29:15', '', NULL),
(4450, ' Correa Stella Maris ', NULL, NULL, NULL, NULL, NULL, '2017-04-29 05:29:15', '', NULL),
(4451, ' Cidale Iris D. ', NULL, NULL, NULL, NULL, NULL, '2017-04-29 05:29:15', '', NULL),
(4452, ' Corazzi Alejandra Alicia ', NULL, NULL, NULL, NULL, NULL, '2017-04-29 05:29:15', '', NULL),
(4453, ' Barreto Gladys/ Benitez Juan Ramon ', NULL, NULL, NULL, NULL, NULL, '2017-04-29 05:29:15', '', NULL),
(4454, ' Ospedyc ', NULL, NULL, NULL, NULL, NULL, '2017-04-29 05:29:15', '', NULL),
(4455, ' Santucho Maria Victoria ', NULL, NULL, NULL, NULL, NULL, '2017-04-29 05:29:15', '', NULL),
(4456, ' Pizzo Giselle ', NULL, NULL, NULL, NULL, NULL, '2017-04-29 05:29:15', '', NULL),
(4457, ' Rinvenuto Graciela ', NULL, NULL, NULL, NULL, NULL, '2017-04-29 05:29:15', '', NULL),
(4458, ' Soria Graciela Isabel ', NULL, NULL, NULL, NULL, NULL, '2017-04-29 05:29:15', '', NULL),
(4459, ' Kalejman Alberto Martin ', NULL, NULL, NULL, NULL, NULL, '2017-04-29 05:29:15', '', NULL),
(4460, ' Martinez Rosa Ana ', NULL, NULL, NULL, NULL, NULL, '2017-04-29 05:29:15', '', NULL),
(4461, ' Scalisi Hernan ', NULL, NULL, NULL, NULL, NULL, '2017-04-29 05:29:15', '', NULL),
(4462, ' Andrada Fernando Carlos ', NULL, NULL, NULL, NULL, NULL, '2017-04-29 05:29:15', '', NULL),
(4463, ' Polizzi Patricia Viviana ', NULL, NULL, NULL, NULL, NULL, '2017-04-29 05:29:15', '', NULL),
(4464, ' Drewes Luis Alberto ', NULL, NULL, NULL, NULL, NULL, '2017-04-29 05:29:15', '', NULL),
(4465, ' Ponzio Geraldine Ana ', NULL, NULL, NULL, NULL, NULL, '2017-04-29 05:29:15', '', NULL),
(4466, ' Salim Santiago Andres ', NULL, NULL, NULL, NULL, NULL, '2017-04-29 05:29:15', '', NULL),
(4467, ' Sos Silvia ', NULL, NULL, NULL, NULL, NULL, '2017-04-29 05:29:15', '', NULL),
(4468, ' Diaz Esther ', NULL, NULL, NULL, NULL, NULL, '2017-04-29 05:29:15', '', NULL),
(4469, ' Meinvielle Solange ', NULL, NULL, NULL, NULL, NULL, '2017-04-29 05:29:15', '', NULL),
(4470, ' Garcia Reynoso Silvina ', NULL, NULL, NULL, NULL, NULL, '2017-04-29 05:29:15', '', NULL),
(4471, ' Aguado Juan Carlos ', NULL, NULL, NULL, NULL, NULL, '2017-04-29 05:29:15', '', NULL),
(4472, ' Favaro Luciana ', NULL, NULL, NULL, NULL, NULL, '2017-04-29 05:29:15', '', NULL),
(4473, ' Buongiorno Maria Fernanda ', NULL, NULL, NULL, NULL, NULL, '2017-04-29 05:29:15', '', NULL),
(4474, ' Luquin Jose Ignacio ', NULL, NULL, NULL, NULL, NULL, '2017-04-29 05:29:15', '', NULL),
(4475, ' Barbon  Jose Antonio', NULL, NULL, NULL, NULL, NULL, '2017-04-29 05:29:15', '', NULL),
(4476, ' Di Vincenzo Adriana ', NULL, NULL, NULL, NULL, NULL, '2017-04-29 05:29:15', '', NULL),
(4477, ' Hormaechea Y Asociados ', NULL, NULL, NULL, NULL, NULL, '2017-04-29 05:29:15', '', NULL),
(4478, ' Mendoza Jorge ', NULL, NULL, NULL, NULL, NULL, '2017-04-29 05:29:15', '', NULL),
(4479, ' Calabro Silvia ', NULL, NULL, NULL, NULL, NULL, '2017-04-29 05:29:15', '', NULL),
(4480, ' De Pietro  Eleonora Maria', NULL, NULL, NULL, NULL, NULL, '2017-04-29 05:29:15', '', NULL),
(4481, ' Loza Paula ', NULL, NULL, NULL, NULL, NULL, '2017-04-29 05:29:15', '', NULL),
(4482, ' Garcia Sale  Jorge', NULL, NULL, NULL, NULL, NULL, '2017-04-29 05:29:15', '', NULL),
(4483, ' Sanchez Otharan Juan ', NULL, NULL, NULL, NULL, NULL, '2017-04-29 05:29:15', '', NULL),
(4484, ' Wisner  Carolina', NULL, NULL, NULL, NULL, NULL, '2017-04-29 05:29:15', '', NULL),
(4485, ' Gessaghi Liliana ', NULL, NULL, NULL, NULL, NULL, '2017-04-29 05:29:15', '', NULL),
(4486, ' Presman Daniel ', NULL, NULL, NULL, NULL, NULL, '2017-04-29 05:29:15', '', NULL),
(4487, ' Furlong Natalia ', NULL, NULL, NULL, NULL, NULL, '2017-04-29 05:29:15', '', NULL),
(4488, ' Coman Mabel ', NULL, NULL, NULL, NULL, NULL, '2017-04-29 05:29:15', '', NULL),
(4489, ' Troncoso Dario ', NULL, NULL, NULL, NULL, NULL, '2017-04-29 05:29:15', '', NULL),
(4490, ' Amieiro Esteban Jose ', NULL, NULL, NULL, NULL, NULL, '2017-04-29 05:29:15', '', NULL),
(4491, ' Gomez Ramon Armando ', NULL, NULL, NULL, NULL, NULL, '2017-04-29 05:29:15', '', NULL),
(4492, ' Arning Carlos Guillermo ', NULL, NULL, NULL, NULL, NULL, '2017-04-29 05:29:15', '', NULL),
(4493, ' Busquets  Gustavo Adolfo', NULL, NULL, NULL, NULL, NULL, '2017-04-29 05:29:15', '', NULL),
(4494, ' Pontoni  Claudia', NULL, NULL, NULL, NULL, NULL, '2017-04-29 05:29:15', '', NULL),
(4495, ' Braguinsky  Julia Lucia', NULL, NULL, NULL, NULL, NULL, '2017-04-29 05:29:15', '', NULL),
(4496, ' Sapia Paola ', NULL, NULL, NULL, NULL, NULL, '2017-04-29 05:29:15', '', NULL),
(4497, ' Fonteina Fernando ', NULL, NULL, NULL, NULL, NULL, '2017-04-29 05:29:15', '', NULL),
(4498, ' Estudio Silva Dolores Y Elena ', NULL, NULL, NULL, NULL, NULL, '2017-04-29 05:29:15', '', NULL),
(4499, ' Murga Nadia Carolina ', NULL, NULL, NULL, NULL, NULL, '2017-04-29 05:29:15', '', NULL),
(4500, ' Corregidor Carlos Daniel ', NULL, NULL, NULL, NULL, NULL, '2017-04-29 05:29:15', '', NULL),
(4501, ' Colla Juan Manuel ', NULL, NULL, NULL, NULL, NULL, '2017-04-29 05:29:15', '', NULL),
(4502, ' Travascio Jose ', NULL, NULL, NULL, NULL, NULL, '2017-04-29 05:29:15', '', NULL),
(4503, ' Lorenzo Macarena ', NULL, NULL, NULL, NULL, NULL, '2017-04-29 05:29:15', '', NULL),
(4504, ' Niebuhr  Monica', NULL, NULL, NULL, NULL, NULL, '2017-04-29 05:29:15', '', NULL),
(4505, ' Ceccon Maria Paula ', NULL, NULL, NULL, NULL, NULL, '2017-04-29 05:29:15', '', NULL),
(4506, ' Renouvier Alejandra ', NULL, NULL, NULL, NULL, NULL, '2017-04-29 05:29:15', '', NULL),
(4507, ' Gonzalez Novarin Sebastian ', NULL, NULL, NULL, NULL, NULL, '2017-04-29 05:29:15', '', NULL),
(4508, ' Irigoyen Maria Romina ', NULL, NULL, NULL, NULL, NULL, '2017-04-29 05:29:15', '', NULL),
(4509, ' Cospito Carina Lorena ', NULL, NULL, NULL, NULL, NULL, '2017-04-29 05:29:15', '', NULL),
(4510, ' Yarke  Maria Del Carmen', NULL, NULL, NULL, NULL, NULL, '2017-04-29 05:29:15', '', NULL),
(4511, ' Chaves Y Asociados ', NULL, NULL, NULL, NULL, NULL, '2017-04-29 05:29:15', '', NULL),
(4512, ' Perednik Eduardo Martin ', NULL, NULL, NULL, NULL, NULL, '2017-04-29 05:29:15', '', NULL),
(4513, ' Salvia Maria Eugenia ', NULL, NULL, NULL, NULL, NULL, '2017-04-29 05:29:15', '', NULL),
(4514, ' Costa Juan ', NULL, NULL, NULL, NULL, NULL, '2017-04-29 05:29:15', '', NULL),
(4515, ' Mazzitelli Graciela Rosa ', NULL, NULL, NULL, NULL, NULL, '2017-04-29 05:29:15', '', NULL),
(4516, ' Rodriguez Norma Beatriz ', NULL, NULL, NULL, NULL, NULL, '2017-04-29 05:29:15', '', NULL),
(4517, ' Rios Norma Crsitina ', NULL, NULL, NULL, NULL, NULL, '2017-04-29 05:29:15', '', NULL),
(4518, ' Bragagnini Carla Elisabeth ', NULL, NULL, NULL, NULL, NULL, '2017-04-29 05:29:15', '', NULL),
(4519, ' D Agostino Maria Graciela ', NULL, NULL, NULL, NULL, NULL, '2017-04-29 05:29:15', '', NULL),
(4520, ' Bello Roberto J ', NULL, NULL, NULL, NULL, NULL, '2017-04-29 05:29:15', '', NULL),
(4521, ' Pallas?? Manuel ', NULL, NULL, NULL, NULL, NULL, '2017-04-29 05:29:15', '', NULL),
(4522, ' Musitani Cecilia ', NULL, NULL, NULL, NULL, NULL, '2017-04-29 05:29:15', '', NULL),
(4523, ' Nigro Sebastian ', NULL, NULL, NULL, NULL, NULL, '2017-04-29 05:29:15', '', NULL),
(4524, ' Sanguinetti Belfer Silvana Edith ', NULL, NULL, NULL, NULL, NULL, '2017-04-29 05:29:15', '', NULL),
(4525, ' Hernandorena Maria ', NULL, NULL, NULL, NULL, NULL, '2017-04-29 05:29:15', '', NULL),
(4526, ' Estudio Lynch ', NULL, NULL, NULL, NULL, NULL, '2017-04-29 05:29:15', '', NULL),
(4527, ' Banco Del Chubut S.a ', NULL, NULL, NULL, NULL, NULL, '2017-04-29 05:29:15', '', NULL),
(4528, ' Pinat Neri Noemi ', NULL, NULL, NULL, NULL, NULL, '2017-04-29 05:29:15', '', NULL),
(4529, ' Lopez Blanco Graciela ', NULL, NULL, NULL, NULL, NULL, '2017-04-29 05:29:15', '', NULL),
(4530, ' Behrends Carlos Roberto ', NULL, NULL, NULL, NULL, NULL, '2017-04-29 05:29:15', '', NULL),
(4531, ' Fittipaldi Eugenio ', NULL, NULL, NULL, NULL, NULL, '2017-04-29 05:29:15', '', NULL),
(4532, ' Lucione Florencia ', NULL, NULL, NULL, NULL, NULL, '2017-04-29 05:29:15', '', NULL),
(4533, ' Amaya Lucia ', NULL, NULL, NULL, NULL, NULL, '2017-04-29 05:29:15', '', NULL),
(4534, ' Agrofolio Oscar Alejandro ', NULL, NULL, NULL, NULL, NULL, '2017-04-29 05:29:15', '', NULL),
(4535, ' Vallejos Vanesa ', NULL, NULL, NULL, NULL, NULL, '2017-04-29 05:29:15', '', NULL),
(4537, ' Reinaldi Paola ', NULL, NULL, NULL, NULL, NULL, '2017-04-29 05:29:15', '', NULL),
(4538, ' Bitetti Martin Ezequiel ', NULL, NULL, NULL, NULL, NULL, '2017-04-29 05:29:15', '', NULL),
(4539, ' Borzi Cirilli Federico ', NULL, NULL, NULL, NULL, NULL, '2017-04-29 05:29:15', '', NULL),
(4540, ' Kaplan Ernest ', NULL, NULL, NULL, NULL, NULL, '2017-04-29 05:29:15', '', NULL),
(4541, ' Amallo Francisco Antonio ', NULL, NULL, NULL, NULL, NULL, '2017-04-29 05:29:15', '', NULL),
(4542, ' Jauregui Lisandro ', NULL, NULL, NULL, NULL, NULL, '2017-04-29 05:29:15', '', NULL),
(4543, ' Comision 1152 - Perez Virasoro ', NULL, NULL, NULL, NULL, NULL, '2017-04-29 05:29:15', '', NULL),
(4544, ' Junqueira Ana Marcela ', NULL, NULL, NULL, NULL, NULL, '2017-04-29 05:29:15', '', NULL),
(4555, ' Acosta Martin ', NULL, NULL, NULL, NULL, NULL, '2017-04-29 05:29:15', '', NULL),
(4556, ' Frontini Sandra ', NULL, NULL, NULL, NULL, NULL, '2017-04-29 05:29:15', '', NULL),
(4557, ' Zuccotti Hector Alberto ', NULL, NULL, NULL, NULL, NULL, '2017-04-29 05:29:15', '', NULL),
(4558, ' Duba Albertina ', NULL, NULL, NULL, NULL, NULL, '2017-04-29 05:29:15', '', NULL),
(4559, ' Basualdo Gabriela ', NULL, NULL, NULL, NULL, NULL, '2017-04-29 05:29:15', '', NULL),
(4560, ' Gastaldo Pablo ', NULL, NULL, NULL, NULL, NULL, '2017-04-29 05:29:15', '', NULL),
(4561, ' Vigliarolo Nicolas ', NULL, NULL, NULL, NULL, NULL, '2017-04-29 05:29:15', '', NULL),
(4562, ' Lorello Ayelen Nahir ', NULL, NULL, NULL, NULL, NULL, '2017-04-29 05:29:15', '', NULL),
(4563, ' Blanco Maria Belen ', NULL, NULL, NULL, NULL, NULL, '2017-04-29 05:29:15', '', NULL),
(4564, ' Cordoba Nicolas ', NULL, NULL, NULL, NULL, NULL, '2017-04-29 05:29:15', '', NULL),
(4565, ' Comision 1085- Dra Huerta ', NULL, NULL, NULL, NULL, NULL, '2017-04-29 05:29:15', '', NULL),
(4566, ' Dionisi Miguel Angel ', NULL, NULL, NULL, NULL, NULL, '2017-04-29 05:29:15', '', NULL),
(4567, ' Comision 1181- Dra Coria/d Agostino ', NULL, NULL, NULL, NULL, NULL, '2017-04-29 05:29:15', '', NULL),
(4568, ' Maffia Carlos Jesus ', NULL, NULL, NULL, NULL, NULL, '2017-04-29 05:29:15', '', NULL),
(4569, ' Herlein Julio Rodriguez ', NULL, NULL, NULL, NULL, NULL, '2017-04-29 05:29:15', '', NULL),
(4570, ' Atay Cintia ', NULL, NULL, NULL, NULL, NULL, '2017-04-29 05:29:15', '', NULL),
(4571, ' Battistoni Juan Jose ', NULL, NULL, NULL, NULL, NULL, '2017-04-29 05:29:15', '', NULL),
(4572, ' Mercado Abierto Electronico S.a/ Urrutia Juan Francisco ', NULL, NULL, NULL, NULL, NULL, '2017-04-29 05:29:15', '', NULL),
(4573, ' Morbidi Maria Elda ', NULL, NULL, NULL, NULL, NULL, '2017-04-29 05:29:15', '', NULL),
(4574, ' Rosignolo Maria Fernanda ', NULL, NULL, NULL, NULL, NULL, '2017-04-29 05:29:15', '', NULL),
(4575, ' Cremona  Angela', NULL, NULL, NULL, NULL, NULL, '2017-04-29 05:29:15', '', NULL),
(4576, ' Lorenzo ', NULL, NULL, NULL, NULL, NULL, '2017-04-29 05:29:15', '', NULL),
(4577, ' Carrizo Mariela Romina ', NULL, NULL, NULL, NULL, NULL, '2017-04-29 05:29:15', '', NULL),
(4578, ' Juez Adriana Cecilia ', NULL, NULL, NULL, NULL, NULL, '2017-04-29 05:29:15', '', NULL),
(4579, ' Reler Armando ', NULL, NULL, NULL, NULL, NULL, '2017-04-29 05:29:15', '', NULL),
(4580, ' Giacobbe Florencia ', NULL, NULL, NULL, NULL, NULL, '2017-04-29 05:29:15', '', NULL),
(4581, ' De Rossi  Maria Laura', NULL, NULL, NULL, NULL, NULL, '2017-04-29 05:29:15', '', NULL),
(4582, ' Legname  Carlos Javier', NULL, NULL, NULL, NULL, NULL, '2017-04-29 05:29:15', '', NULL),
(4583, ' Crimer Marcos ', NULL, NULL, NULL, NULL, NULL, '2017-04-29 05:29:15', '', NULL),
(4584, ' Miguez Fabiana ', NULL, NULL, NULL, NULL, NULL, '2017-04-29 05:29:15', '', NULL),
(4585, ' Atencio Silvina ', NULL, NULL, NULL, NULL, NULL, '2017-04-29 05:29:15', '', NULL),
(4586, ' Mazzotta Emmanuel Alejandro ', NULL, NULL, NULL, NULL, NULL, '2017-04-29 05:29:15', '', NULL),
(4587, ' Masetto Juan Manuel ', NULL, NULL, NULL, NULL, NULL, '2017-04-29 05:29:15', '', NULL),
(4588, ' Lopez Marisa ', NULL, NULL, NULL, NULL, NULL, '2017-04-29 05:29:15', '', NULL),
(4589, ' Brangold Mora ', NULL, NULL, NULL, NULL, NULL, '2017-04-29 05:29:15', '', NULL),
(4590, ' Figueiras Paula ', NULL, NULL, NULL, NULL, NULL, '2017-04-29 05:29:15', '', NULL),
(4591, ' Uriburu Estanislao ', NULL, NULL, NULL, NULL, NULL, '2017-04-29 05:29:15', '', NULL),
(4592, ' De Los Santos Mauro ', NULL, NULL, NULL, NULL, NULL, '2017-04-29 05:29:15', '', NULL),
(4593, ' Distribuidora Puerto ', NULL, NULL, NULL, NULL, NULL, '2017-04-29 05:29:15', '', NULL),
(4594, ' Martinez Susana Gloria ', NULL, NULL, NULL, NULL, NULL, '2017-04-29 05:29:15', '', NULL),
(4595, ' Alfonso Sergio ', NULL, NULL, NULL, NULL, NULL, '2017-04-29 05:29:15', '', NULL),
(4596, ' Cabanne Clelia ', NULL, NULL, NULL, NULL, NULL, '2017-04-29 05:29:15', '', NULL),
(4597, ' Barrientos Mirna ', NULL, NULL, NULL, NULL, NULL, '2017-04-29 05:29:15', '', NULL),
(4598, ' Blasco Gaston ', NULL, NULL, NULL, NULL, NULL, '2017-04-29 05:29:15', '', NULL),
(4599, ' Sanchez Roncero Clarisa ', NULL, NULL, NULL, NULL, NULL, '2017-04-29 05:29:15', '', NULL),
(4600, ' Lopez Marcinko Vanesa ', NULL, NULL, NULL, NULL, NULL, '2017-04-29 05:29:15', '', NULL),
(4601, ' Romano Carlos ', NULL, NULL, NULL, NULL, NULL, '2017-04-29 05:29:15', '', NULL),
(4602, ' Chiappara Andres ', NULL, NULL, NULL, NULL, NULL, '2017-04-29 05:29:15', '', NULL),
(4603, ' Mena Carlos Armando ', NULL, NULL, NULL, NULL, NULL, '2017-04-29 05:29:15', '', NULL),
(4604, ' Pont Verges Maria Mercedes ', NULL, NULL, NULL, NULL, NULL, '2017-04-29 05:29:15', '', NULL),
(4605, ' Schneider Lorena ', NULL, NULL, NULL, NULL, NULL, '2017-04-29 05:29:15', '', NULL),
(4606, ' Hong Luis Marcelo ', NULL, NULL, NULL, NULL, NULL, '2017-04-29 05:29:15', '', NULL),
(4607, ' Ledesma Marisa Laura ', NULL, NULL, NULL, NULL, NULL, '2017-04-29 05:29:15', '', NULL),
(4608, ' Rolon Carmelo ', NULL, NULL, NULL, NULL, NULL, '2017-04-29 05:29:15', '', NULL),
(4609, ' Seoane Andrea ', NULL, NULL, NULL, NULL, NULL, '2017-04-29 05:29:15', '', NULL),
(4610, ' Tonelli Alejandro ', NULL, NULL, NULL, NULL, NULL, '2017-04-29 05:29:15', '', NULL),
(4611, ' Rudman Gaston Ezequiel ', NULL, NULL, NULL, NULL, NULL, '2017-04-29 05:29:15', '', NULL),
(4612, ' Marquez Alessi Belen ', NULL, NULL, NULL, NULL, NULL, '2017-04-29 05:29:15', '', NULL),
(4613, ' Sobrero Aldana ', NULL, NULL, NULL, NULL, NULL, '2017-04-29 05:29:15', '', NULL),
(4614, ' Nexus Consultores Previsionales ', NULL, NULL, NULL, NULL, NULL, '2017-04-29 05:29:15', '', NULL),
(4615, ' Dorado Mariel ', NULL, NULL, NULL, NULL, NULL, '2017-04-29 05:29:15', '', NULL),
(4616, ' Herrero Ricardo ', NULL, NULL, NULL, NULL, NULL, '2017-04-29 05:29:15', '', NULL),
(4617, ' Elbert- Vajedes ', NULL, NULL, NULL, NULL, NULL, '2017-04-29 05:29:15', '', NULL),
(4618, ' Puppo Marcelo ', NULL, NULL, NULL, NULL, NULL, '2017-04-29 05:29:15', '', NULL),
(4619, ' Proyecto C12 S.a ', NULL, NULL, NULL, NULL, NULL, '2017-04-29 05:29:15', '', NULL),
(4620, ' Ferola Ruben Alfonso ', NULL, NULL, NULL, NULL, NULL, '2017-04-29 05:29:15', '', NULL),
(4621, ' Correa Crovetto ', NULL, NULL, NULL, NULL, NULL, '2017-04-29 05:29:15', '', NULL),
(4622, ' Menichelli Fernando ', NULL, NULL, NULL, NULL, NULL, '2017-04-29 05:29:15', '', NULL),
(4623, ' Gauna Julia De Los Angeles ', NULL, NULL, NULL, NULL, NULL, '2017-04-29 05:29:15', '', NULL),
(4624, ' Frade Monica ', NULL, NULL, NULL, NULL, NULL, '2017-04-29 05:29:15', '', NULL),
(4625, ' Blanes Noriega  Paula', NULL, NULL, NULL, NULL, NULL, '2017-04-29 05:29:15', '', NULL),
(4626, ' Pardo Martin Jorge Alberto ', NULL, NULL, NULL, NULL, NULL, '2017-04-29 05:29:15', '', NULL),
(4627, ' Devoto Julia ', NULL, NULL, NULL, NULL, NULL, '2017-04-29 05:29:15', '', NULL),
(4628, ' Pelta Mineria ', NULL, NULL, NULL, NULL, NULL, '2017-04-29 05:29:15', '', NULL),
(4629, ' Romagnoli Mariela ', NULL, NULL, NULL, NULL, NULL, '2017-04-29 05:29:15', '', NULL),
(4630, ' Migdalek Alejandro ', NULL, NULL, NULL, NULL, NULL, '2017-04-29 05:29:15', '', NULL),
(4631, ' Maluccio Matias Andres ', NULL, NULL, NULL, NULL, NULL, '2017-04-29 05:29:15', '', NULL),
(4632, ' Pelle Elio Angel ', NULL, NULL, NULL, NULL, NULL, '2017-04-29 05:29:15', '', NULL),
(4633, ' Manueli Claudio ', NULL, NULL, NULL, NULL, NULL, '2017-04-29 05:29:15', '', NULL),
(4634, ' Perez Andrea ', NULL, NULL, NULL, NULL, NULL, '2017-04-29 05:29:15', '', NULL),
(4635, ' Banco Del Sol ', NULL, NULL, NULL, NULL, NULL, '2017-04-29 05:29:15', '', NULL),
(4636, ' Rodriguez Larravide Facundo ', NULL, NULL, NULL, NULL, NULL, '2017-04-29 05:29:15', '', NULL),
(4637, ' Aguirre Felipe ', NULL, NULL, NULL, NULL, NULL, '2017-04-29 05:29:15', '', NULL),
(4638, ' Beascochea Adela ', NULL, NULL, NULL, NULL, NULL, '2017-04-29 05:29:15', '', NULL),
(4639, ' Lekerman Marcelo ', NULL, NULL, NULL, NULL, NULL, '2017-04-29 05:29:15', '', NULL),
(4640, ' Gauna Claudia Roxana ', NULL, NULL, NULL, NULL, NULL, '2017-04-29 05:29:15', '', NULL),
(4641, ' Plotek Hugo ', NULL, NULL, NULL, NULL, NULL, '2017-04-29 05:29:15', '', NULL),
(4642, ' Calcagno Laura ', NULL, NULL, NULL, NULL, NULL, '2017-04-29 05:29:15', '', NULL),
(4643, ' Lupi Maria Eugenia ', NULL, NULL, NULL, NULL, NULL, '2017-04-29 05:29:15', '', NULL),
(4644, ' Junco Edith Veronica ', NULL, NULL, NULL, NULL, NULL, '2017-04-29 05:29:15', '', NULL),
(4645, ' Otero Francisco ', NULL, NULL, NULL, NULL, NULL, '2017-04-29 05:29:15', '', NULL),
(4646, ' Studio Integral Rom Sa ', NULL, NULL, NULL, NULL, NULL, '2017-04-29 05:29:15', '', NULL),
(4647, ' Rapisarda Laura ', NULL, NULL, NULL, NULL, NULL, '2017-04-29 05:29:15', '', NULL),
(5000, ' Sanz Javier Ignacio ', NULL, NULL, NULL, NULL, NULL, '2017-04-29 05:29:15', '', NULL),
(5001, ' Orozco Juan ', NULL, NULL, NULL, NULL, NULL, '2017-04-29 05:29:15', '', NULL),
(5002, ' Mallardo Luisa ', NULL, NULL, NULL, NULL, NULL, '2017-04-29 05:29:15', '', NULL),
(5003, ' Dobniewski Luis ', NULL, NULL, NULL, NULL, NULL, '2017-04-29 05:29:15', '', NULL),
(5004, ' Martiren Maria Cecilia ', NULL, NULL, NULL, NULL, NULL, '2017-04-29 05:29:15', '', NULL),
(5005, ' Mensi Jorgelina ', NULL, NULL, NULL, NULL, NULL, '2017-04-29 05:29:15', '', NULL),
(5006, ' Pablo Rival ', NULL, NULL, NULL, NULL, NULL, '2017-04-29 05:29:15', '', NULL),
(5008, ' Estudio Dsb  ', NULL, NULL, NULL, NULL, NULL, '2017-04-29 05:29:15', '', NULL),
(5009, ' Carpintero Silvia Marcela ', NULL, NULL, NULL, NULL, NULL, '2017-04-29 05:29:15', '', NULL),
(5010, ' Perez Gustavo Horacio ', NULL, NULL, NULL, NULL, NULL, '2017-04-29 05:29:15', '', NULL),
(5011, ' Correa Guadalupe ', NULL, NULL, NULL, NULL, NULL, '2017-04-29 05:29:15', '', NULL),
(5012, ' Iuliano Veronica ', NULL, NULL, NULL, NULL, NULL, '2017-04-29 05:29:15', '', NULL),
(5013, ' Prieri Gabriel Omar  ', NULL, NULL, NULL, NULL, NULL, '2017-04-29 05:29:15', '', NULL),
(5014, ' D Errico Claudio ', NULL, NULL, NULL, NULL, NULL, '2017-04-29 05:29:15', '', NULL),
(5015, ' Marchionni Anahi ', NULL, NULL, NULL, NULL, NULL, '2017-04-29 05:29:15', '', NULL),
(5016, ' Suarez Maria Julia ', NULL, NULL, NULL, NULL, NULL, '2017-04-29 05:29:15', '', NULL),
(5017, ' Tiercin Paula Melisa ', NULL, NULL, NULL, NULL, NULL, '2017-04-29 05:29:15', '', NULL),
(5018, ' Gomez Nazario ', NULL, NULL, NULL, NULL, NULL, '2017-04-29 05:29:15', '', NULL),
(5019, ' Orellano Gabriela Veronica ', NULL, NULL, NULL, NULL, NULL, '2017-04-29 05:29:15', '', NULL),
(5020, ' Estudio Chemaya Y Asociados ', NULL, NULL, NULL, NULL, NULL, '2017-04-29 05:29:15', '', NULL),
(5021, ' Barrionuevo- Arpaia ', NULL, NULL, NULL, NULL, NULL, '2017-04-29 05:29:15', '', NULL),
(5022, ' Cocconi Sabrina ', NULL, NULL, NULL, NULL, NULL, '2017-04-29 05:29:15', '', NULL),
(5023, ' Tassani Olivera Freddis  ', NULL, NULL, NULL, NULL, NULL, '2017-04-29 05:29:15', '', NULL),
(5024, ' Altieri Carolina ', NULL, NULL, NULL, NULL, NULL, '2017-04-29 05:29:15', '', NULL),
(5025, ' Cortes- Ibelli ', NULL, NULL, NULL, NULL, NULL, '2017-04-29 05:29:15', '', NULL),
(5026, ' Comba Carlos ', NULL, NULL, NULL, NULL, NULL, '2017-04-29 05:29:15', '', NULL),
(5027, ' Conti Maria Alejandra ', NULL, NULL, NULL, NULL, NULL, '2017-04-29 05:29:15', '', NULL),
(5028, ' Segovia Norma Isabel ', NULL, NULL, NULL, NULL, NULL, '2017-04-29 05:29:15', '', NULL),
(5029, ' Salinas Marcos ', NULL, NULL, NULL, NULL, NULL, '2017-04-29 05:29:15', '', NULL),
(5030, ' Garcia Salinas Santiago ', NULL, NULL, NULL, NULL, NULL, '2017-04-29 05:29:15', '', NULL),
(5031, ' Comision 1007 Basombrio Ignacio ', NULL, NULL, NULL, NULL, NULL, '2017-04-29 05:29:15', '', NULL),
(5032, ' Puccerelli Fabiola ', NULL, NULL, NULL, NULL, NULL, '2017-04-29 05:29:15', '', NULL),
(5033, ' Fuentes Fabian ', NULL, NULL, NULL, NULL, NULL, '2017-04-29 05:29:15', '', NULL),
(5034, ' Ghioldi Paola ', NULL, NULL, NULL, NULL, NULL, '2017-04-29 05:29:15', '', NULL),
(5040, ' Jorge Juan Ramon ', NULL, NULL, NULL, NULL, NULL, '2017-04-29 05:29:15', '', NULL),
(5041, ' De Britos Rodrigo ', NULL, NULL, NULL, NULL, NULL, '2017-04-29 05:29:15', '', NULL),
(5042, ' Estudio Mera Y Asociados ', NULL, NULL, NULL, NULL, NULL, '2017-04-29 05:29:15', '', NULL),
(5043, ' Molinelli Juana Ester ', NULL, NULL, NULL, NULL, NULL, '2017-04-29 05:29:15', '', NULL),
(5044, ' Mongiello Y Go??e ', NULL, NULL, NULL, NULL, NULL, '2017-04-29 05:29:15', '', NULL),
(5045, ' Toman Eduardo ', NULL, NULL, NULL, NULL, NULL, '2017-04-29 05:29:15', '', NULL),
(5046, ' Baldunciel Gladys ', NULL, NULL, NULL, NULL, NULL, '2017-04-29 05:29:15', '', NULL),
(5047, ' Seren Novoa Walter ', NULL, NULL, NULL, NULL, NULL, '2017-04-29 05:29:15', '', NULL),
(5048, ' Noir Walter ', NULL, NULL, NULL, NULL, NULL, '2017-04-29 05:29:15', '', NULL),
(5050, ' Perez Daniela Andrea ', NULL, NULL, NULL, NULL, NULL, '2017-04-29 05:29:15', '', NULL),
(5051, ' Bava Tamara ', NULL, NULL, NULL, NULL, NULL, '2017-04-29 05:29:15', '', NULL),
(5052, ' Aguilar Valeria Laura ', NULL, NULL, NULL, NULL, NULL, '2017-04-29 05:29:15', '', NULL),
(5053, ' Grupo Pe??aflor ', NULL, NULL, NULL, NULL, NULL, '2017-04-29 05:29:15', '', NULL),
(5054, ' Brunetti Ines ', NULL, NULL, NULL, NULL, NULL, '2017-04-29 05:29:15', '', NULL),
(5055, ' Donati Jose Maria ', NULL, NULL, NULL, NULL, NULL, '2017-04-29 05:29:15', '', NULL),
(5056, ' Rivas Orozco & Cony Etchart Y Asoc. ', NULL, NULL, NULL, NULL, NULL, '2017-04-29 05:29:15', '', NULL),
(5057, ' Iampolsky Sandra Veronica ', NULL, NULL, NULL, NULL, NULL, '2017-04-29 05:29:15', '', NULL),
(5058, ' Telleria Juan Ignacio ', NULL, NULL, NULL, NULL, NULL, '2017-04-29 05:29:15', '', NULL),
(5059, ' Romano Claudia Alejandra ', NULL, NULL, NULL, NULL, NULL, '2017-04-29 05:29:15', '', NULL),
(5060, ' Direccion General De Asuntos Juridicos Del Ejercito ', NULL, NULL, NULL, NULL, NULL, '2017-04-29 05:29:15', '', NULL),
(5061, ' Fernandez Jorge Ricardo ', NULL, NULL, NULL, NULL, NULL, '2017-04-29 05:29:15', '', NULL),
(5062, ' Ministerio De Salud ', NULL, NULL, NULL, NULL, NULL, '2017-04-29 05:29:15', '', NULL),
(5063, ' Pedulla Viviana ', NULL, NULL, NULL, NULL, NULL, '2017-04-29 05:29:15', '', NULL),
(5064, ' Molteni Arias ', NULL, NULL, NULL, NULL, NULL, '2017-04-29 05:29:15', '', NULL),
(5065, ' Cadel Bettina ', NULL, NULL, NULL, NULL, NULL, '2017-04-29 05:29:15', '', NULL),
(5066, ' Folgueras Adrian Jorge ', NULL, NULL, NULL, NULL, NULL, '2017-04-29 05:29:15', '', NULL),
(5067, ' Ruiz Jose Gabriel ', NULL, NULL, NULL, NULL, NULL, '2017-04-29 05:29:15', '', NULL),
(5068, ' Paz Lisandro ', NULL, NULL, NULL, NULL, NULL, '2017-04-29 05:29:15', '', NULL),
(5069, ' Garcia Alfredo Mario ', NULL, NULL, NULL, NULL, NULL, '2017-04-29 05:29:15', '', NULL),
(5070, ' Van Rafelghem ', NULL, NULL, NULL, NULL, NULL, '2017-04-29 05:29:15', '', NULL),
(5071, ' Los Baguales S.c.a ', NULL, NULL, NULL, NULL, NULL, '2017-04-29 05:29:15', '', NULL),
(5072, ' Moralejo Daiana ', NULL, NULL, NULL, NULL, NULL, '2017-04-29 05:29:15', '', NULL),
(5080, ' Rossi Maria Florencia ', NULL, NULL, NULL, NULL, NULL, '2017-04-29 05:29:15', '', NULL),
(5081, ' Pianesi Maria Cecilia ', NULL, NULL, NULL, NULL, NULL, '2017-04-29 05:29:15', '', NULL),
(5082, ' Garcia Alicia Silvia ', NULL, NULL, NULL, NULL, NULL, '2017-04-29 05:29:15', '', NULL),
(5083, ' Administracion Blum ', NULL, NULL, NULL, NULL, NULL, '2017-04-29 05:29:15', '', NULL),
(5085, ' Diaz Hector Gabriel ', NULL, NULL, NULL, NULL, NULL, '2017-04-29 05:29:15', '', NULL),
(5086, ' Longhi Ambrosio ', NULL, NULL, NULL, NULL, NULL, '2017-04-29 05:29:15', '', NULL),
(5087, ' Bruno Luciano ', NULL, NULL, NULL, NULL, NULL, '2017-04-29 05:29:15', '', NULL),
(5088, ' Ba??on Hernan ', NULL, NULL, NULL, NULL, NULL, '2017-04-29 05:29:15', '', NULL),
(5089, ' Bougain Fernando ', NULL, NULL, NULL, NULL, NULL, '2017-04-29 05:29:15', '', NULL),
(5090, ' Martinez Lopez Romina ', NULL, NULL, NULL, NULL, NULL, '2017-04-29 05:29:15', '', NULL),
(5091, ' Varcasia Maria Rosa- Comision 1003 ', NULL, NULL, NULL, NULL, NULL, '2017-04-29 05:29:15', '', NULL),
(5092, ' Gallafent Rosana Lucia ', NULL, NULL, NULL, NULL, NULL, '2017-04-29 05:29:15', '', NULL),
(5093, ' Glazer Ernesto - Maulicino Jimena ', NULL, NULL, NULL, NULL, NULL, '2017-04-29 05:29:15', '', NULL),
(5094, ' Aguado Silvana ', NULL, NULL, NULL, NULL, NULL, '2017-04-29 05:29:15', '', NULL),
(5098, ' Maqueira Maria Alejandra ', NULL, NULL, NULL, NULL, NULL, '2017-04-29 05:29:15', '', NULL),
(5601, ' Sculco Adriana Silvina ', NULL, NULL, NULL, NULL, NULL, '2017-04-29 05:29:15', '', NULL),
(6000, ' Jarowitzky Paulo ', NULL, NULL, NULL, NULL, NULL, '2017-04-29 05:29:15', '', NULL),
(6002, ' Capo Marcelo Ubaldo ', NULL, NULL, NULL, NULL, NULL, '2017-04-29 05:29:15', '', NULL),
(6003, ' Sanchez Vera Juan Pablo ', NULL, NULL, NULL, NULL, NULL, '2017-04-29 05:29:15', '', NULL),
(6004, ' Ayala Cecildo Angel ', NULL, NULL, NULL, NULL, NULL, '2017-04-29 05:29:15', '', NULL),
(6005, ' Campillo Campo Alicia ', NULL, NULL, NULL, NULL, NULL, '2017-04-29 05:29:15', '', NULL),
(6006, ' Sanchez Gabriel Alejandro ', NULL, NULL, NULL, NULL, NULL, '2017-04-29 05:29:15', '', NULL),
(6050, ' Suarez Roxana ', NULL, NULL, NULL, NULL, NULL, '2017-04-29 05:29:15', '', NULL),
(6051, ' Lionetti De Zorzi Juan Pablo ', NULL, NULL, NULL, NULL, NULL, '2017-04-29 05:29:15', '', NULL),
(6052, ' Borda Ignacio Francisco ', NULL, NULL, NULL, NULL, NULL, '2017-04-29 05:29:15', '', NULL),
(6053, ' Goya Ariana Daniela ', NULL, NULL, NULL, NULL, NULL, '2017-04-29 05:29:15', '', NULL),
(6054, ' Lopez Vaca Manuel ', NULL, NULL, NULL, NULL, NULL, '2017-04-29 05:29:15', '', NULL),
(6055, ' Desch Maria Soledad ', NULL, NULL, NULL, NULL, NULL, '2017-04-29 05:29:15', '', NULL),
(6056, ' Valentino Abigail ', NULL, NULL, NULL, NULL, NULL, '2017-04-29 05:29:15', '', NULL),
(6057, ' Wajntraub Javier Hernan ', NULL, NULL, NULL, NULL, NULL, '2017-04-29 05:29:15', '', NULL),
(6058, ' Figueroa Augusto Sebastian ', NULL, NULL, NULL, NULL, NULL, '2017-04-29 05:29:15', '', NULL),
(6059, ' Guidobono Ruben Horacio ', NULL, NULL, NULL, NULL, NULL, '2017-04-29 05:29:15', '', NULL),
(6060, ' Candame Estudio ', NULL, NULL, NULL, NULL, NULL, '2017-04-29 05:29:15', '', NULL),
(6061, ' Perez Del Viso Y Costanzo ', NULL, NULL, NULL, NULL, NULL, '2017-04-29 05:29:15', '', NULL),
(6062, ' Amca  ', NULL, NULL, NULL, NULL, NULL, '2017-04-29 05:29:15', '', NULL),
(6063, ' Rodriguez Anabella ', NULL, NULL, NULL, NULL, NULL, '2017-04-29 05:29:15', '', NULL),
(6064, ' Soteras -monserrat ', NULL, NULL, NULL, NULL, NULL, '2017-04-29 05:29:15', '', NULL),
(6065, ' Sanchez Vanesa Soledad ', NULL, NULL, NULL, NULL, NULL, '2017-04-29 05:29:15', '', NULL),
(6066, ' Bermudez Silvina ', NULL, NULL, NULL, NULL, NULL, '2017-04-29 05:29:15', '', NULL),
(6067, ' Aballay Estela ', NULL, NULL, NULL, NULL, NULL, '2017-04-29 05:29:15', '', NULL),
(6068, ' Ferrari Maria De Las Mercedes ', NULL, NULL, NULL, NULL, NULL, '2017-04-29 05:29:15', '', NULL),
(6069, ' Gandini ', NULL, NULL, NULL, NULL, NULL, '2017-04-29 05:29:15', '', NULL),
(6070, ' Rascado Pablo Hernan ', NULL, NULL, NULL, NULL, NULL, '2017-04-29 05:29:15', '', NULL),
(6071, ' Gonzalez Rubio  Julio Enrique', NULL, NULL, NULL, NULL, NULL, '2017-04-29 05:29:15', '', NULL),
(6072, ' Pires Monica ', NULL, NULL, NULL, NULL, NULL, '2017-04-29 05:29:15', '', NULL),
(6073, ' Lorizzo Daniel ', NULL, NULL, NULL, NULL, NULL, '2017-04-29 05:29:15', '', NULL),
(6074, ' Lauritsen Y Asociados ', NULL, NULL, NULL, NULL, NULL, '2017-04-29 05:29:15', '', NULL),
(6075, ' Cb&g Abogados ', NULL, NULL, NULL, NULL, NULL, '2017-04-29 05:29:15', '', NULL),
(6076, ' Romero Smith Y Romero ', NULL, NULL, NULL, NULL, NULL, '2017-04-29 05:29:15', '', NULL),
(6077, ' Monferran Jose Maria ', NULL, NULL, NULL, NULL, NULL, '2017-04-29 05:29:15', '', NULL),
(6078, ' Hernan  Gabriel Ernesto', NULL, NULL, NULL, NULL, NULL, '2017-04-29 05:29:15', '', NULL),
(6079, ' Amfays ', NULL, NULL, NULL, NULL, NULL, '2017-04-29 05:29:15', '', NULL),
(6080, ' Fernandez Magali Natalia ', NULL, NULL, NULL, NULL, NULL, '2017-04-29 05:29:15', '', NULL),
(6081, ' Cosentino Matias ', NULL, NULL, NULL, NULL, NULL, '2017-04-29 05:29:15', '', NULL),
(6082, ' Richiardi Christian Diego ', NULL, NULL, NULL, NULL, NULL, '2017-04-29 05:29:15', '', NULL),
(6084, ' Pi??eyro Sandra ', NULL, NULL, NULL, NULL, NULL, '2017-04-29 05:29:15', '', NULL),
(6085, ' Soriano Florencia ', NULL, NULL, NULL, NULL, NULL, '2017-04-29 05:29:15', '', NULL),
(6086, ' Romero Juan Cesar ', NULL, NULL, NULL, NULL, NULL, '2017-04-29 05:29:15', '', NULL),
(6087, ' Estudio Cap?? ', NULL, NULL, NULL, NULL, NULL, '2017-04-29 05:29:15', '', NULL),
(6088, ' Martinez Ana Maria ', NULL, NULL, NULL, NULL, NULL, '2017-04-29 05:29:15', '', NULL),
(6089, ' Gaytan Kelly Hugo ', NULL, NULL, NULL, NULL, NULL, '2017-04-29 05:29:15', '', NULL),
(6090, ' Dono Susana Noemi ', NULL, NULL, NULL, NULL, NULL, '2017-04-29 05:29:15', '', NULL),
(6091, ' Miller Giuliana  ', NULL, NULL, NULL, NULL, NULL, '2017-04-29 05:29:15', '', NULL),
(6092, ' Garcia Silvina Araceli ', NULL, NULL, NULL, NULL, NULL, '2017-04-29 05:29:15', '', NULL),
(6093, ' Trinidad Sonia Laura ', NULL, NULL, NULL, NULL, NULL, '2017-04-29 05:29:15', '', NULL),
(6094, ' Garcia De Roman Veronica ', NULL, NULL, NULL, NULL, NULL, '2017-04-29 05:29:15', '', NULL),
(6095, ' Wallach Matias ', NULL, NULL, NULL, NULL, NULL, '2017-04-29 05:29:15', '', NULL),
(6096, ' Comision 1130- Dra Fasano ', NULL, NULL, NULL, NULL, NULL, '2017-04-29 05:29:15', '', NULL),
(6097, ' Sanmartin Manuel ', NULL, NULL, NULL, NULL, NULL, '2017-04-29 05:29:15', '', NULL),
(6098, ' Loto Roberto Y Loto Maria Cristina ', NULL, NULL, NULL, NULL, NULL, '2017-04-29 05:29:15', '', NULL),
(7000, ' Paolino Miguel Angel ', NULL, NULL, NULL, NULL, NULL, '2017-04-29 05:29:15', '', NULL),
(7001, ' Lorenzo Mariel ', NULL, NULL, NULL, NULL, NULL, '2017-04-29 05:29:15', '', NULL),
(7002, ' Rodriguez Burlada Mariana ', NULL, NULL, NULL, NULL, NULL, '2017-04-29 05:29:15', '', NULL),
(7003, ' Diez  Roberto Rodrigo', NULL, NULL, NULL, NULL, NULL, '2017-04-29 05:29:15', '', NULL),
(7004, ' Leal Jorge ', NULL, NULL, NULL, NULL, NULL, '2017-04-29 05:29:15', '', NULL),
(7005, ' Cryan Belen ', NULL, NULL, NULL, NULL, NULL, '2017-04-29 05:29:15', '', NULL),
(7006, ' Oubi??a Daniel Marcelo Y Valdez Maximiliano ', NULL, NULL, NULL, NULL, NULL, '2017-04-29 05:29:15', '', NULL),
(7007, ' Machuca Karina ', NULL, NULL, NULL, NULL, NULL, '2017-04-29 05:29:15', '', NULL),
(7008, ' Brenner Nicolas ', NULL, NULL, NULL, NULL, NULL, '2017-04-29 05:29:15', '', NULL),
(7009, ' Mct Estudio ', NULL, NULL, NULL, NULL, NULL, '2017-04-29 05:29:15', '', NULL),
(7010, ' Villagran Maria Cecilia ', NULL, NULL, NULL, NULL, NULL, '2017-04-29 05:29:15', '', NULL),
(7011, ' Guembe Carolina ', NULL, NULL, NULL, NULL, NULL, '2017-04-29 05:29:15', '', NULL),
(7012, ' Frechou Hernan ', NULL, NULL, NULL, NULL, NULL, '2017-04-29 05:29:15', '', NULL),
(7013, ' Sande Jorge Luis ', NULL, NULL, NULL, NULL, NULL, '2017-04-29 05:29:15', '', NULL),
(7014, ' Pont Verges  Maria Mercedes', NULL, NULL, NULL, NULL, NULL, '2017-04-29 05:29:15', '', NULL),
(7016, ' Pompillo Karina Andrea ', NULL, NULL, NULL, NULL, NULL, '2017-04-29 05:29:15', '', NULL),
(7017, ' Barth Juan Carlos ', NULL, NULL, NULL, NULL, NULL, '2017-04-29 05:29:15', '', NULL),
(7018, ' Canepa Hugo ', NULL, NULL, NULL, NULL, NULL, '2017-04-29 05:29:15', '', NULL),
(7019, ' Orgambide Santiago ', NULL, NULL, NULL, NULL, NULL, '2017-04-29 05:29:15', '', NULL),
(7020, ' Dayan Edgardo Martin ', NULL, NULL, NULL, NULL, NULL, '2017-04-29 05:29:15', '', NULL),
(7021, ' Maurer Gustavo Walter ', NULL, NULL, NULL, NULL, NULL, '2017-04-29 05:29:15', '', NULL),
(7022, ' Sorrentino Romina ', NULL, NULL, NULL, NULL, NULL, '2017-04-29 05:29:15', '', NULL),
(7023, ' Torlasco Maria Lujan ', NULL, NULL, NULL, NULL, NULL, '2017-04-29 05:29:15', '', NULL),
(7024, ' Rossi Pujol Eliana ', NULL, NULL, NULL, NULL, NULL, '2017-04-29 05:29:15', '', NULL),
(7026, ' Gt Estudio ', NULL, NULL, NULL, NULL, NULL, '2017-04-29 05:29:15', '', NULL),
(7027, ' Chaar Zaida Patricia ', NULL, NULL, NULL, NULL, NULL, '2017-04-29 05:29:15', '', NULL),
(7028, ' Sosnik Jorge ', NULL, NULL, NULL, NULL, NULL, '2017-04-29 05:29:15', '', NULL),
(7029, ' Comision 1133  ', NULL, NULL, NULL, NULL, NULL, '2017-04-29 05:29:15', '', NULL);
INSERT INTO `clientes` (`id`, `nombre`, `domicilio`, `telefono`, `email`, `saldo_inicial`, `como_nos_conocio`, `fecha_ingreso`, `password`, `fecha_envio_correo`) VALUES
(7030, ' Fernandez Bensadon ', NULL, NULL, NULL, NULL, NULL, '2017-04-29 05:29:15', '', NULL),
(7031, ' Leites Hugo ', NULL, NULL, NULL, NULL, NULL, '2017-04-29 05:29:15', '', NULL),
(7032, ' Guaitima Isabel ', NULL, NULL, NULL, NULL, NULL, '2017-04-29 05:29:15', '', NULL),
(7033, ' Davison Maria ', NULL, NULL, NULL, NULL, NULL, '2017-04-29 05:29:15', '', NULL),
(7034, ' Bacigaluppi Natalia ', NULL, NULL, NULL, NULL, NULL, '2017-04-29 05:29:15', '', NULL),
(7035, ' Mendiara Juan Jose ', NULL, NULL, NULL, NULL, NULL, '2017-04-29 05:29:15', '', NULL),
(7036, ' Aranda Hernan Javier ', NULL, NULL, NULL, NULL, NULL, '2017-04-29 05:29:15', '', NULL),
(7037, ' Rueda - Martinez ', NULL, NULL, NULL, NULL, NULL, '2017-04-29 05:29:15', '', NULL),
(7038, ' Comision 1061 ', NULL, NULL, NULL, NULL, NULL, '2017-04-29 05:29:15', '', NULL),
(7039, ' Dominguez Alejandra ', NULL, NULL, NULL, NULL, NULL, '2017-04-29 05:29:15', '', NULL),
(7040, ' Lema Raul Urbano ', NULL, NULL, NULL, NULL, NULL, '2017-04-29 05:29:15', '', NULL),
(7041, ' Raffo Maria Agustina ', NULL, NULL, NULL, NULL, NULL, '2017-04-29 05:29:15', '', NULL),
(7042, ' Lynch Pueyrredon Agustina ', NULL, NULL, NULL, NULL, NULL, '2017-04-29 05:29:15', '', NULL),
(8050, ' Germino Laura ', NULL, NULL, NULL, NULL, NULL, '2017-04-29 05:29:15', '', NULL),
(8051, ' Vellegal  Carlos', NULL, NULL, NULL, NULL, NULL, '2017-04-29 05:29:15', '', NULL),
(8052, ' Vadell Ricardo ', NULL, NULL, NULL, NULL, NULL, '2017-04-29 05:29:15', '', NULL),
(8053, ' Juez Cecilia Adriana ', NULL, NULL, NULL, NULL, NULL, '2017-04-29 05:29:15', '', NULL),
(8054, ' Richarte Fabiana ', NULL, NULL, NULL, NULL, NULL, '2017-04-29 05:29:15', '', NULL),
(8055, ' Sapulia Maria Cecilia ', NULL, NULL, NULL, NULL, NULL, '2017-04-29 05:29:15', '', NULL),
(8056, ' Troiti??o Victoria ', NULL, NULL, NULL, NULL, NULL, '2017-04-29 05:29:15', '', NULL),
(40334, ' Figueredo Matias ', NULL, NULL, NULL, NULL, NULL, '2017-04-29 05:29:15', '', NULL),
(12345678, ' Huerta  Maria Noelia', NULL, NULL, NULL, NULL, NULL, '2017-04-29 05:29:15', '', NULL),
(12345680, 'Alejandro Miller', 'Serrano 287', '1162518252', 'ale.miller10@gmail.com', 300, 'recomendacion', '2017-05-07 18:59:59', '', NULL),
(12345692, 'Test Cliente 2', '', '', '', 3000, 'ninguno', '2017-06-20 22:47:46', '', NULL);

-- --------------------------------------------------------

--
-- Estructura de tabla para la tabla `corresponsales`
--

CREATE TABLE IF NOT EXISTS `corresponsales` (
`id` int(11) NOT NULL,
  `nombre` varchar(128) NOT NULL,
  `domicilio` varchar(256) NOT NULL,
  `telefono` varchar(64) NOT NULL,
  `email` varchar(64) NOT NULL,
  `tomo_folio_colegio` varchar(128) NOT NULL,
  `observaciones` varchar(512) NOT NULL,
  `id_subzona` int(11) DEFAULT NULL
) ENGINE=InnoDB AUTO_INCREMENT=52 DEFAULT CHARSET=latin1;

--
-- Volcado de datos para la tabla `corresponsales`
--

INSERT INTO `corresponsales` (`id`, `nombre`, `domicilio`, `telefono`, `email`, `tomo_folio_colegio`, `observaciones`, `id_subzona`) VALUES
(1, 'Felice Abel Roque', '', '', '', '', '', NULL),
(2, 'Adrian Gaitan', '', '', '', '', '', 2),
(3, 'Aguilar Agustin', '', '', '', '', '', 5),
(4, 'Arro Leandro Gonzalo', '', '', '', '', '', NULL),
(5, 'Cancino Hugo', '', '', '', '', '', NULL),
(6, 'Cavagliato Ximena', '', '', '', '', '', NULL),
(7, 'Chaves Y Asociados', '', '', '', '', '', NULL),
(8, 'Clarisa Sanchez Roncero', '', '', '', '', '', NULL),
(9, 'Cornejo Fabio', '', '', '', '', '', NULL),
(10, 'Costanzo Anibal Enrique', '', '', '', '', '', NULL),
(11, 'Cristian Lazarte', '', '', '', '', '', NULL),
(12, 'Cynthia Savino', '', '', '', '', '', NULL),
(13, 'De Los Santos Mauro', '', '', '', '', '', NULL),
(14, 'De Zorzi Pablo', '', '', '', '', '', NULL),
(15, 'Dionisi Miguel Angel', '', '', '', '', '', NULL),
(16, 'Dr. Fabián A. Spilere', '', '', '', '', '', NULL),
(17, 'Elsa Mendilaharzu', '', '', '', '', '', NULL),
(18, 'Estela Aballay', '', '', '', '', '', NULL),
(19, 'Facundo Gonzalez Figueroa. Ana Lagos', '', '', '', '', '', NULL),
(20, 'Furlong Natalia', '', '', '', '', '', NULL),
(21, 'Gabriel Ardiles', '', '', '', '', '', NULL),
(22, 'Gestiones Express', '', '', '', '', '', NULL),
(23, 'Jorge Juan Ramon', '', '', '', '', '', NULL),
(24, 'Juzgado De Paz Catriel', '', '', '', '', '', NULL),
(25, 'Juzgado De Paz Chos Malal- Silvia Pucci', '', '', '', '', '', NULL),
(26, 'Juzgado De Paz Lamarque- Jueza Claudia Bazcunian', '', '', '', '', '', NULL),
(27, 'Juzgado De Paz Punta Indio.  Bs As- Oficial Rufiero Sebastian', '', '', '', '', '', NULL),
(28, 'Juzgado De Paz Zapala. Monica Perez', '', '', '', '', '', NULL),
(29, 'Lagos Juan', '', '', '', '', '', NULL),
(30, 'Lopez Marcinko Vanesa', '', '', '', '', '', NULL),
(31, 'Mansilla Alejandro', '', '', '', '', '', NULL),
(32, 'Manuel Lopez Vaca', '', '', '', '', '', NULL),
(33, 'Medde Maria Belen', '', '', '', '', '', NULL),
(34, 'Mensi Jorgelina', '', '', '', '', '', NULL),
(35, 'Molina Ivan', '', '', '', '', '', NULL),
(36, 'Nazar Sandra', '', '', '', '', '', NULL),
(37, 'Noir Walter', '', '', '', '', '', NULL),
(38, 'Pablo', '', '', '', '', '', NULL),
(39, 'Pastore Maria Laura', '', '', '', '', '', NULL),
(40, 'Perez Del Viso Y Costanzo', '', '', '', '', '', NULL),
(41, 'Perez Monica', '', '', '', '', '', NULL),
(42, 'Pontoni Claudia', '', '', '', '', '', NULL),
(43, 'Prati Gustavo', '', '', '', '', '', NULL),
(44, 'Rey Vazquez Jorge', '', '', '', '', '', NULL),
(45, 'Rios Walter', '', '', '', '', '', NULL),
(46, 'Salvatierra Luis Maria', '', '', '', '', '', NULL),
(47, 'Serrano Gloria', '', '', '', '', '', NULL),
(48, 'Solier Mario ', '', '', '', '', '', NULL),
(49, 'Tercero', '', '', '', '', '', NULL),
(50, 'W', '', '', '', '', '', NULL),
(51, 'Wendt Pablo\n		', '', '', '', '', '', NULL);

-- --------------------------------------------------------

--
-- Estructura de tabla para la tabla `ordenes_trabajo`
--

CREATE TABLE IF NOT EXISTS `ordenes_trabajo` (
`id` int(11) NOT NULL,
  `id_cliente` int(11) NOT NULL,
  `fecha_creacion` timestamp NOT NULL DEFAULT CURRENT_TIMESTAMP,
  `fecha_update` timestamp NULL DEFAULT NULL
) ENGINE=InnoDB AUTO_INCREMENT=44 DEFAULT CHARSET=latin1;

--
-- Volcado de datos para la tabla `ordenes_trabajo`
--

INSERT INTO `ordenes_trabajo` (`id`, `id_cliente`, `fecha_creacion`, `fecha_update`) VALUES
(36, 12345680, '2017-06-12 00:21:11', NULL),
(40, 12345680, '2017-06-16 23:52:02', NULL),
(41, 12345680, '2017-06-18 02:35:35', NULL),
(42, 12345680, '2017-06-18 03:01:55', NULL),
(43, 12345692, '2017-06-20 22:49:06', NULL);

-- --------------------------------------------------------

--
-- Estructura de tabla para la tabla `pagos`
--

CREATE TABLE IF NOT EXISTS `pagos` (
`id` int(1) NOT NULL,
  `fecha_creacion` timestamp NOT NULL DEFAULT CURRENT_TIMESTAMP,
  `id_cliente` int(11) NOT NULL,
  `valor` float NOT NULL,
  `tipo` int(11) NOT NULL
) ENGINE=InnoDB AUTO_INCREMENT=21 DEFAULT CHARSET=latin1;

--
-- Volcado de datos para la tabla `pagos`
--

INSERT INTO `pagos` (`id`, `fecha_creacion`, `id_cliente`, `valor`, `tipo`) VALUES
(1, '2017-06-08 12:11:54', 12345680, -200, 1),
(2, '2017-06-10 21:08:46', 12345680, -200, 1),
(3, '2017-06-10 21:30:31', 12345680, -50, 1),
(7, '2017-06-10 22:39:00', 12345680, -100, 1),
(8, '2017-06-10 22:41:00', 12345680, -200, 1),
(9, '2017-06-10 22:42:51', 12345680, -35, 1),
(10, '2017-06-10 22:46:12', 12345680, -100, 1),
(11, '2017-06-11 22:33:13', 12345680, -50, 1),
(12, '2017-06-11 22:36:29', 12345680, -120, 1),
(13, '2017-06-12 00:18:08', 12345680, -50, 1),
(14, '2017-06-14 04:10:17', 12345680, -67, 1),
(15, '2017-06-15 01:07:38', 12345680, -40, 1),
(16, '2017-06-15 01:08:20', 12345680, -26, 1),
(17, '2017-06-15 03:22:57', 12345680, -200, 1),
(18, '2017-06-18 05:29:25', 12345680, -20, 1),
(19, '2017-06-18 05:31:37', 12345680, -20, 1),
(20, '2017-06-20 22:48:45', 12345692, -3000, 1);

-- --------------------------------------------------------

--
-- Estructura de tabla para la tabla `subzonas`
--

CREATE TABLE IF NOT EXISTS `subzonas` (
`id` int(11) NOT NULL,
  `nombre` varchar(128) NOT NULL,
  `id_zona` int(11) DEFAULT NULL
) ENGINE=InnoDB AUTO_INCREMENT=326 DEFAULT CHARSET=latin1;

--
-- Volcado de datos para la tabla `subzonas`
--

INSERT INTO `subzonas` (`id`, `nombre`, `id_zona`) VALUES
(1, 'Test', 0),
(2, '25 Demayo-25 De Mayo', 71),
(3, '25 Demayo-neuquen', 71),
(4, '25 Demayo-parana', 71),
(5, '9 De Julio-9 De Julio', 116),
(6, 'A-a', 0),
(7, 'Adolfo Gonzalez Chavez-adolfo Gonzalez Chavez', 0),
(8, 'Alberti-buenos Aires', 0),
(9, 'Almirante Brown-burzaco', 0),
(10, 'Almirante Brown-', 0),
(11, 'Almirante Brown-glew', 0),
(12, 'Almirante Brown-longchamps', 0),
(13, 'Almirante Brown-adrogue', 0),
(14, 'Almirante Brown-jose Marmol', 0),
(15, 'Almirante Brown-rafael Calzada', 0),
(16, 'Almirante Brown-claypole', 0),
(17, 'Almirante Brown-ministro Rivadavia', 0),
(18, 'Avellaneda-avellaneda', 0),
(19, 'Avellaneda-wilde', 0),
(20, 'Avellaneda-sarandi', 0),
(21, 'Avellaneda-villa Dominico', 0),
(22, 'Azul-azul', 0),
(23, 'Bahia Blanca-bahia', 0),
(24, 'Baradero-baradero', 0),
(25, 'Berazategui-berazategui', 0),
(26, 'Berazategui-hudson', 0),
(27, 'Berazategui-villa EspaÑa', 0),
(28, 'Berazategui-platanos', 0),
(29, 'Berazategui-ranelagh', 0),
(30, 'Berazategui-sourigues', 0),
(31, 'Berazategui-el Pato', 0),
(32, 'Berisso-berisso', 0),
(33, 'Bolivar-bolivar', 0),
(34, 'Brandsen-brandsen', 0),
(35, 'Buenos Aires-las Vaquerias', 0),
(36, 'Buenos Aires-general Alvear', 0),
(37, 'Buenos Aires-gowland', 0),
(38, 'Buenos Aires-la Negra', 0),
(39, 'Buenos Aires-san Nicolas', 0),
(40, 'Buenos Aires-barrow', 0),
(41, 'Buenos Aires-general Conesa', 0),
(42, 'Buenos Aires-pinamar', 0),
(43, 'Buenos Aires-roque Perez', 0),
(44, 'Buenos Aires-tandil', 0),
(45, 'Buenos Aires-balcarce', 0),
(46, 'Buenos Aires-tres Lomas', 0),
(47, 'Buenos Aires-bragado', 0),
(48, 'Buenos Aires-san Clemente', 0),
(49, 'Buenos Aires-general Viamonte', 0),
(50, 'Buenos Aires-san Andres De Giles', 0),
(51, 'Buenos Aires-coronel Pringles', 0),
(52, 'Buenos Aires-nueve De Julio', 0),
(53, 'Buenos Aires-acevedo', 0),
(54, 'Buenos Aires-coronel Suarex', 0),
(55, 'Buenos Aires-pehuajo', 0),
(56, 'Buenos Aires-salto', 0),
(57, 'Buenos Aires-rojas', 0),
(58, 'Buenos Aires-colon', 0),
(59, 'Buratovich-vilariÑo', 0),
(60, 'Caba Cedula-cedulas', 0),
(61, 'Caba Oficios-oficios', 0),
(62, 'Caba Oficios-registro Civil', 0),
(63, 'Caba Oficios-casilleros Caba', 0),
(64, 'Campana-campana', 0),
(65, 'CaÑuelas-caÑuelas', 0),
(66, 'CaÑuelas-maximo Paz', 0),
(67, 'CaÑuelas-vicente Casares', 0),
(68, 'Carhue-carhue', 0),
(69, 'Carilo-carilo', 0),
(70, 'Casillero-capital Federal', 0),
(71, 'Casillero-gran Buenos Aires', 0),
(72, 'Catamarca-catamarca', 0),
(73, 'Chacabuco-chacabuco', 0),
(74, 'Chaco-chaco', 0),
(75, 'Chascomus-chascomus', 0),
(76, 'Chivilcoy-chivilcoy', 0),
(77, 'Chubut-comodoro Rivadavia', 0),
(78, 'Chubut-lago Puelo', 0),
(79, 'Chubut-dolavon', 0),
(80, 'Chubut-puerto Madryn', 0),
(81, 'Comodoro Rivadavia-chubut', 0),
(82, 'Conesa-conesa', 0),
(83, 'Cordoba-cordoba', 0),
(84, 'Cordoba-jesus Maria', 0),
(85, 'Coronel Rosales-coronel Rosales', 0),
(86, 'Corrientes-corrientes', 0),
(87, 'Corrientes-isla San Mateo', 0),
(88, 'Dolores-dolores', 0),
(89, 'Echeverria-monte Grande', 0),
(90, 'Echeverria-luis Guillon', 0),
(91, 'Ensenada-ensenada', 0),
(92, 'Ensenada-punta Lara', 0),
(93, 'Entre Rios-gualeguay', 0),
(94, 'Entre Rios-entre Rios', 0),
(95, 'Entre Rios-gualeguaychu', 0),
(96, 'Entre Rios-concepcion Del Uruguay', 0),
(97, 'Escobar-escobar', 0),
(98, 'Escobar-garin', 0),
(99, 'Escobar-maquinista Savio', 0),
(100, 'Escobar-matheu', 0),
(101, 'Escobar-ing Maschwitz', 0),
(102, 'Exaltacion De La Cruz-capilla Del Señor', 0),
(103, 'Ezeiza-ezeiza', 0),
(104, 'Ezeiza-union Ferroviaria', 0),
(105, 'Ezeiza-tristan Suarez', 0),
(106, 'Ezeiza-spegazzini', 0),
(107, 'Florencio Varela-florencio Varela', 0),
(108, 'Florencio Varela-ing Allan', 0),
(109, 'Florencio Varela-km 36', 0),
(110, 'Florencio Varela-bosques', 0),
(111, 'Florencio Varela-zeballos', 0),
(112, 'Florencio Varela-monteverde', 0),
(113, 'Florencio Varela-ardigo', 0),
(114, 'Formosa-formosa', 0),
(115, 'General Belgrano-general Belgrano', 0),
(116, 'General Las Heras-general Las Heras', 0),
(117, 'General Las Heras-general Hornos', 0),
(118, 'General Las Heras-villar', 0),
(119, 'General Las Heras-plomer', 0),
(120, 'General Las Heras-lozano', 0),
(121, 'General Las Heras-fynn', 0),
(122, 'General Las Heras-la Choza', 0),
(123, 'General Lavalle-general Lavalle', 0),
(124, 'General Paz-ranchos', 0),
(125, 'Gral Las Heras-gral Las Heras', 0),
(126, 'Gral Rodriguez-gral Rodriguez', 0),
(127, 'Gral Rodriguez-marin', 0),
(128, 'Gral Rodriguez-las Malvinas', 0),
(129, 'Gral Rodriguez-la Fraternidad', 0),
(130, 'Guernica San Vicente-peron', 0),
(131, 'Hurlingham-hurlingham', 0),
(132, 'Hurlingham-william Morris', 0),
(133, 'Hurlingham-lasalle', 0),
(134, 'Ituzaingo-ituzaingo', 0),
(135, 'Jose C Paz-jose C Paz', 0),
(136, 'Jose C Paz-piÑero', 0),
(137, 'Jose C Paz-vucetich', 0),
(138, 'Jujuy-jujuy', 0),
(139, 'Junin-junin', 0),
(140, 'La Matanza-la Matanza', 0),
(141, 'La Matanza-ingeniero Brian', 0),
(142, 'La Matanza-san Justo', 0),
(143, 'La Matanza-la Tablada', 0),
(144, 'La Matanza-villa Madero', 0),
(145, 'La Matanza-tapiales', 0),
(146, 'La Matanza-aldo Bonzi', 0),
(147, 'La Matanza-jose Ingenieros', 0),
(148, 'La Matanza-villegas', 0),
(149, 'La Matanza-isidro Casanova', 0),
(150, 'La Matanza-rafael Castillo', 0),
(151, 'La Matanza-laferrere', 0),
(152, 'La Matanza-gonzalez Catan', 0),
(153, 'La Matanza-20 De Junio', 0),
(154, 'La Matanza-villa Celina', 0),
(155, 'La Matanza-virrey Del Pino', 0),
(156, 'La Pampa-santa Rosa', 0),
(157, 'La Pampa-chacharramendi', 0),
(158, 'La Plata-villa Elisa', 0),
(159, 'La Plata-la Plata', 0),
(160, 'La Plata-citibell', 0),
(161, 'La Plata-gonett', 0),
(162, 'La Plata-tolosa', 0),
(163, 'La Plata-ringuelet', 0),
(164, 'La Plata-los Hornos', 0),
(165, 'La Plata-melchor Romero', 0),
(166, 'La Plata-olmos', 0),
(167, 'La Plata-abasto', 0),
(168, 'La Plata-punta Indio', 0),
(169, 'La Plata-magdalena', 0),
(170, 'La Plata Oficios-la Plata Oficios', 0),
(171, 'La Rioja-la Rioja', 0),
(172, 'Lanus-lanus', 0),
(173, 'Lanus-gerly', 0),
(174, 'Lanus-valentin Alsina', 0),
(175, 'Lanus-villa Caraza', 0),
(176, 'Lanus-monte Chingolo', 0),
(177, 'Lanus-remedios De Escalada', 0),
(178, 'Las Heras-las Heras', 0),
(179, 'Lincoln-lincoln', 0),
(180, 'Lobos-lobos', 0),
(181, 'Lomas-lomas', 0),
(182, 'Lomas-lomas De Zamora', 0),
(183, 'Lomas-villa Fiorito', 0),
(184, 'Lomas-ing Budge', 0),
(185, 'Lomas-temperley', 0),
(186, 'Lomas-llavallol', 0),
(187, 'Lomas-turdera', 0),
(188, 'Lomas-banfield', 0),
(189, 'Lujan-lujan', 0),
(190, 'Malvinas Argentinas-pablo Nogues', 0),
(191, 'Malvinas Argentinas-grand Bourg', 0),
(192, 'Malvinas Argentinas-tierras Altas', 0),
(193, 'Malvinas Argentinas-malvinas Argentinas', 0),
(194, 'Malvinas Argentinas-los Polvorines', 0),
(195, 'Malvinas Argentinas-sordeaux', 0),
(196, 'Malvinas Argentinas-villa De Mayo', 0),
(197, 'Malvinas Argentinas-tortuguitas', 0),
(198, 'Mar Chiquita-mar Chiquita', 0),
(199, 'Mar De Ajo-mar De Ajo', 0),
(200, 'Mar Del Plata-mar Del Plata', 0),
(201, 'Mar Del Tuyu-mar Del Tuyu', 0),
(202, 'Marcos Paz-marcos Paz', 0),
(203, 'Marcos Paz-romero', 0),
(204, 'Marcos Paz-km 53', 0),
(205, 'Mendoza-chacra De Coria', 0),
(206, 'Mendoza-mendoza', 0),
(207, 'Mendoza-caÑada Seca', 0),
(208, 'Mercedes-mercedes', 0),
(209, 'Merlo-merlo', 0),
(210, 'Misiones-misiones', 0),
(211, 'Monte Hermoso-monte Hermoso', 0),
(212, 'Moreno-moreno', 0),
(213, 'Moreno-la Reja', 0),
(214, 'Moreno-paso Del Rey', 0),
(215, 'Moreno-francisco Alvarez', 0),
(216, 'Moron-moron', 0),
(217, 'Moron-haedo', 0),
(218, 'Moron-el Palomar', 0),
(219, 'Moron-castelar', 0),
(220, 'Navarro-navarro', 0),
(221, 'Necochea-necochea', 0),
(222, 'Neuquen-plottier', 0),
(223, 'Neuquen-cutral Co', 0),
(224, 'Neuquen-senillosa', 0),
(225, 'Neuquen-zapala', 0),
(226, 'Neuquen-villa La Angostura', 0),
(227, 'Neuquen-cipoletti', 0),
(228, 'Neuquen-capital', 0),
(229, 'Olavarria-olavarria', 0),
(230, 'Partido De La Costa-partido De La Costa', 0),
(231, 'Pellegrini-pellegrini', 0),
(232, 'Pergamino-pergamino', 0),
(233, 'Pigue-pigu', 0),
(234, 'Pilar-pilar', 0),
(235, 'Pilar-del Viso', 0),
(236, 'Pilar-presidente Derqui', 0),
(237, 'Pilar-villa Rosa', 0),
(238, 'Pilar-villa Astolfi', 0),
(239, 'Pilar-alberti', 0),
(240, 'Presidente Peron-guernica', 0),
(241, 'Presidente Peron-villa Numancia', 0),
(242, 'Quilmes-quilmes', 0),
(243, 'Quilmes-don Bosco', 0),
(244, 'Quilmes-bernal', 0),
(245, 'Quilmes-ezpeleta', 0),
(246, 'Quilmes-san Francisco Solano', 0),
(247, 'Rauch-rauch', 0),
(248, 'Rio Negro-cipolleti', 0),
(249, 'Rio Negro-viedma', 0),
(250, 'Rio Negro-rio Negro', 0),
(251, 'Rio Negro-catriel', 0),
(252, 'Rio Negro-bariloche', 0),
(253, 'Rpa Caba-rpa Caba', 0),
(254, 'Rpi Caba-caba', 0),
(255, 'Rpi La Plata-registro Inmueble', 0),
(256, 'Rpi La Plata-registro Inmueble La Plata', 0),
(257, 'Rpi La Plata-personas Juridicas', 0),
(258, 'Saladillo-saladillo', 0),
(259, 'Salta-salta', 0),
(260, 'San Antonio De Areco-san Antonio De Areco', 0),
(261, 'San Fernando-san Fernando', 0),
(262, 'San Fernando-virreyes', 0),
(263, 'San Fernando-carupa', 0),
(264, 'San Isidro-victoria', 0),
(265, 'San Isidro-acasusso', 0),
(266, 'San Isidro-olivos', 0),
(267, 'San Isidro-san Isidro', 0),
(268, 'San Isidro-martinez', 0),
(269, 'San Isidro-boulogne', 0),
(270, 'San Isidro-villa Adelina', 0),
(271, 'San Juan-san Juan', 0),
(272, 'San Luis-san Luis', 0),
(273, 'San Martin-villa Ballester', 0),
(274, 'San Martin-san Andres', 0),
(275, 'San Martin-san Martin', 0),
(276, 'San Martin-coronel Chilavert', 0),
(277, 'San Martin-jose L Suarez', 0),
(278, 'San Martin-saenz PeÑa', 0),
(279, 'San Miguel-san Miguel', 0),
(280, 'San Miguel-general Sarmiento', 0),
(281, 'San Miguel-general Lemos', 0),
(282, 'San Miguel-muÑiz', 0),
(283, 'San Miguel-bella Vista', 0),
(284, 'San Miguel-richieri', 0),
(285, 'San Miguel-campo De Mayo', 0),
(286, 'San Miguel-sargento Cabral', 0),
(287, 'San Miguel Del Monte-san Miguel Del Monte', 0),
(288, 'San Nicolas-san Nicolsas', 0),
(289, 'San Pedro-san Pedro', 0),
(290, 'San Vicente-alejandro Korn', 0),
(291, 'San Vicente-san Vicente', 0),
(292, 'San Vicente-domselaar', 0),
(293, 'Santa Cruz-santa Cruz', 0),
(294, 'Santa Fe-rosario', 0),
(295, 'Santa Fe-sunchales', 0),
(296, 'Santa Fe-santa Fe', 0),
(297, 'Santa Fe-casilda', 0),
(298, 'Santa Fe-san Jorge', 0),
(299, 'Santiago Del Estero-santiago Del Estero', 0),
(300, 'Tierra Del Fuego-rio Grande', 0),
(301, 'Tierra Del Fuego-ushuaia', 0),
(302, 'Tigre-tigre', 0),
(303, 'Tigre-benavidez', 0),
(304, 'Tigre-el Talar De Pacheco', 0),
(305, 'Tigre-lopez Camelo', 0),
(306, 'Tigre-general Pacheco', 0),
(307, 'Tigre-delta', 0),
(308, 'Trenque Lauquen-trenque Lauquen', 0),
(309, 'Tres Arroyos-tres Arroyos', 0),
(310, 'Tres De Febrero-ciudadela', 0),
(311, 'Tres De Febrero-santos Lugares', 0),
(312, 'Tres De Febrero-caseros', 0),
(313, 'Tres De Febrero-lourdes', 0),
(314, 'Tres De Febrero-martin Coronado', 0),
(315, 'Tres De Febrero-tropezon', 0),
(316, 'Tres De Febrero-villa Bosch', 0),
(317, 'Tres De Febrero-villa Lynch', 0),
(318, 'Tucuman-san Miguel De Tucuman', 0),
(319, 'Varela-varela', 0),
(320, 'Vicente Lopez-vicente Lopez', 0),
(321, 'Vicente Lopez-la Lucila', 0),
(322, 'Vicente Lopez-munro', 0),
(323, 'Vicente Lopez-carapachay', 0),
(324, 'Villa Gesel-villa Gesel', 0),
(325, 'Zarate-zarate', 0);

-- --------------------------------------------------------

--
-- Estructura de tabla para la tabla `tramites`
--

CREATE TABLE IF NOT EXISTS `tramites` (
`id` int(11) NOT NULL,
  `id_cliente` varchar(128) NOT NULL,
  `id_clase` varchar(128) DEFAULT NULL,
  `id_subzona` varchar(128) DEFAULT NULL,
  `caratula` varchar(256) DEFAULT NULL,
  `observaciones` varchar(512) DEFAULT NULL,
  `honorarios` float DEFAULT NULL,
  `sellado` float DEFAULT NULL,
  `estado` varchar(128) DEFAULT NULL,
  `fecha_creacion` timestamp NOT NULL DEFAULT CURRENT_TIMESTAMP,
  `fecha_actualizacion` timestamp NULL DEFAULT NULL,
  `fecha_vencimiento` timestamp NULL DEFAULT NULL,
  `fecha_audiencia` timestamp NULL DEFAULT NULL,
  `fecha_retiro` timestamp NULL DEFAULT NULL,
  `fecha_aviso` timestamp NULL DEFAULT NULL,
  `observaciones_cliente` varchar(512) DEFAULT NULL,
  `id_corresponsal` int(11) DEFAULT NULL,
  `honorario_corresponsal` float DEFAULT NULL,
  `id_orden_trabajo` int(11) DEFAULT NULL
) ENGINE=InnoDB AUTO_INCREMENT=33 DEFAULT CHARSET=latin1;

--
-- Volcado de datos para la tabla `tramites`
--

INSERT INTO `tramites` (`id`, `id_cliente`, `id_clase`, `id_subzona`, `caratula`, `observaciones`, `honorarios`, `sellado`, `estado`, `fecha_creacion`, `fecha_actualizacion`, `fecha_vencimiento`, `fecha_audiencia`, `fecha_retiro`, `fecha_aviso`, `observaciones_cliente`, `id_corresponsal`, `honorario_corresponsal`, `id_orden_trabajo`) VALUES
(15, '12345680', '1', '2', 'Adopcion Sabado', '', 400, 50, 'listo', '2017-06-10 12:42:26', NULL, '2017-07-05 03:00:00', NULL, NULL, '2017-06-25 03:00:00', '', 2, 200, 36),
(16, '12345680', '1', '2', 'Adopcion Test 2', '', 300, 100, 'retirado', '2017-06-10 14:45:58', '2017-06-18 03:00:00', '2017-07-05 03:00:00', NULL, '2017-06-18 03:00:00', '2017-06-18 03:00:00', '', 2, 100, 36),
(17, '12345680', '1', NULL, 'Adop', '', 0, 0, 'retirado', '2017-06-15 01:06:29', '2017-06-18 03:00:00', '2017-07-09 03:00:00', NULL, '2017-06-18 03:00:00', '2017-06-18 03:00:00', '', NULL, 0, NULL),
(18, '12345680', '1', NULL, 'test1', '', 0, 0, 'retirado', '2017-06-15 02:55:21', '2017-06-18 03:00:00', '2017-07-09 03:00:00', NULL, '2017-06-18 03:00:00', '2017-06-18 03:00:00', '', NULL, 0, NULL),
(19, '12345680', '3', 'none', 'aaaa', '', 300, 200, 'listo', '2017-06-15 02:55:31', '2017-06-15 03:00:00', '2017-06-14 03:00:00', NULL, NULL, '2017-06-25 03:00:00', '', 0, 0, NULL),
(20, '12345680', '2', 'none', 'sfsfs', '', 200, 200, 'retirado', '2017-06-15 02:55:39', '2017-06-19 03:00:00', '2017-06-14 03:00:00', NULL, '2017-06-19 03:00:00', '2017-06-15 03:00:00', '', 2, 100, NULL),
(21, '12345680', '2', NULL, '333', '', 0, 0, 'en_tramite', '2017-06-15 02:55:53', NULL, '2017-06-14 03:00:00', NULL, NULL, NULL, '', NULL, 0, NULL),
(22, '12345680', '2', 'none', 'sfasdfa', '', 300, 50, 'retirado', '2017-06-15 02:56:01', '2017-06-18 03:00:00', '2017-06-14 03:00:00', NULL, '2017-06-18 03:00:00', '2017-06-18 03:00:00', '', NULL, 0, NULL),
(23, '12345680', '3', NULL, 'rwerew', '', 0, 0, 'retirado', '2017-06-15 02:56:09', NULL, '2017-06-14 03:00:00', NULL, '2017-06-18 06:45:52', '2017-06-18 03:00:00', '', NULL, 0, NULL),
(24, '12345680', '3', NULL, 'sdfa', '', 0, 0, 'retirado', '2017-06-15 02:56:16', NULL, '2017-06-14 03:00:00', NULL, '2017-06-18 03:00:00', '2017-06-18 03:00:00', '', NULL, 0, NULL),
(25, '12345680', '3', NULL, 'ssdfs', '', 0, 0, 'retirado', '2017-06-15 02:56:23', NULL, '2017-06-14 03:00:00', NULL, '2017-06-18 06:48:49', '2017-06-18 03:00:00', '', NULL, 0, 40),
(26, '12345680', '3', NULL, 'dfsdf', '', 0, 0, 'retirado', '2017-06-15 02:56:33', NULL, '2017-06-14 03:00:00', NULL, '2017-06-18 06:48:49', '2017-06-18 03:00:00', '', NULL, 0, 41),
(27, '12345680', '1', NULL, 'prueba', '', 200, 50, 'retirado', '2017-06-15 03:27:20', '2017-06-19 03:00:00', '2017-07-10 03:00:00', NULL, '2017-06-19 03:00:00', '2017-06-18 03:00:00', '', 7, 200, 41),
(28, '12345680', '2', NULL, 'prueba dos', '', 100, 50, 'retirado', '2017-06-15 03:27:44', '2017-06-18 03:00:00', '2017-06-15 03:00:00', NULL, '2017-06-18 03:00:00', '2017-06-18 03:00:00', '', 2, 50, 42),
(29, '12345680', '1', '5', 'Test Valor', '', 200, 50, 'retirado', '2017-06-18 02:50:51', '2017-06-18 03:00:00', '2017-07-12 03:00:00', NULL, '2017-06-18 03:00:00', '2017-06-18 03:00:00', '', 3, 50, 42),
(31, '12345680', '1', '2', 'Test Select', '', 300, 40, 'listo', '2017-06-18 03:00:31', '2017-06-25 03:00:00', '2017-07-12 03:00:00', NULL, NULL, '2017-06-18 03:00:00', '', 2, 60, 42),
(32, '12345692', '1', '2', 'Test Tramite', 'Test', 200, 200, 'en_tramite', '2017-06-20 22:48:18', NULL, '2017-07-15 03:00:00', '2017-06-28 03:00:00', NULL, NULL, 'Test', 2, 200, 43);

-- --------------------------------------------------------

--
-- Estructura de tabla para la tabla `transacciones`
--

CREATE TABLE IF NOT EXISTS `transacciones` (
`id` int(11) NOT NULL,
  `fecha_creacion` timestamp NOT NULL DEFAULT CURRENT_TIMESTAMP,
  `tipo` varchar(128) NOT NULL,
  `id_cliente` int(11) NOT NULL,
  `id_transaccion_asociada` int(11) NOT NULL
) ENGINE=InnoDB AUTO_INCREMENT=2 DEFAULT CHARSET=latin1;

--
-- Volcado de datos para la tabla `transacciones`
--

INSERT INTO `transacciones` (`id`, `fecha_creacion`, `tipo`, `id_cliente`, `id_transaccion_asociada`) VALUES
(1, '2017-06-10 12:42:26', 'tramite', 12345680, 15);

-- --------------------------------------------------------

--
-- Estructura de tabla para la tabla `usuarios`
--

CREATE TABLE IF NOT EXISTS `usuarios` (
`id` int(11) NOT NULL,
  `username` varchar(128) NOT NULL,
  `password` varchar(128) NOT NULL,
  `type` varchar(64) NOT NULL
) ENGINE=InnoDB AUTO_INCREMENT=6 DEFAULT CHARSET=latin1;

--
-- Volcado de datos para la tabla `usuarios`
--

INSERT INTO `usuarios` (`id`, `username`, `password`, `type`) VALUES
(1, 'ale.miller', 'bocajuniors', 'superadmin'),
(2, 'noe.carbone', 'demaizena', 'superadmin'),
(5, 'test.admin', '12345678', 'admin');

-- --------------------------------------------------------

--
-- Estructura de tabla para la tabla `zonas`
--

CREATE TABLE IF NOT EXISTS `zonas` (
`id` int(11) NOT NULL,
  `nombre` varchar(256) CHARACTER SET utf8 COLLATE utf8_spanish_ci NOT NULL
) ENGINE=InnoDB AUTO_INCREMENT=134 DEFAULT CHARSET=latin1;

--
-- Volcado de datos para la tabla `zonas`
--

INSERT INTO `zonas` (`id`, `nombre`) VALUES
(1, 'San Martin'),
(2, 'Almirante Brown'),
(3, 'Rpi La Plata'),
(4, 'Rpi Caba'),
(5, 'Caba Oficios'),
(6, 'Moron'),
(7, 'Caba Cedulas'),
(8, 'Caba Rpa'),
(9, 'La Plata Oficios'),
(10, 'La Plata Cedulas'),
(11, 'Moreno'),
(12, 'La Matanza'),
(13, 'San Miguel'),
(14, 'San Isidro'),
(15, 'Tigre'),
(16, 'Lanus'),
(17, 'Lomas'),
(18, 'Quilmes'),
(19, 'Avellaneda'),
(20, 'Echeverria'),
(21, 'Guernica San Vicente'),
(22, 'Berazategui'),
(23, 'Pilar'),
(24, 'Escobar'),
(25, 'Rnp Caba'),
(26, 'La Pampa'),
(27, 'Matanza'),
(28, 'Varela'),
(29, 'Mar Del Plata'),
(30, 'Mendoza'),
(31, 'Merlo'),
(32, 'Vicente Lopez'),
(33, 'Villa Gesel'),
(34, 'Mercedes'),
(35, 'Zarate'),
(36, 'Lujan'),
(37, 'Salta'),
(38, 'Chubut'),
(39, 'Tucuman'),
(40, 'Corrientes'),
(41, 'Dollores'),
(42, 'Dolores'),
(43, 'Caba Cedula'),
(44, 'Santiago Del Estero'),
(45, 'CaÑuelas'),
(46, 'Carhue'),
(47, 'La Plata'),
(48, 'Santa Fe'),
(49, 'Gral Rodriguez'),
(50, 'San Antonio De Areco'),
(51, 'Rio Negro'),
(52, 'Chivilcoy'),
(53, 'Cordoba'),
(54, 'Entre Rios'),
(55, 'Mar Chiquita'),
(56, 'Florencio Varela'),
(57, 'Rpa Caba'),
(58, 'Santa Cruz'),
(59, 'Mar De Ajo'),
(60, 'Ezeiza'),
(61, 'General Paz'),
(62, 'Comodoro Rivadavia'),
(63, 'Guernica'),
(64, 'Azul'),
(65, 'Marcos Paz'),
(66, 'Saladillo'),
(67, 'San Luis'),
(68, 'Formosa'),
(69, 'Chaco'),
(70, 'Necochea'),
(71, '25 Demayo'),
(72, 'Berisso'),
(73, 'Buratovich'),
(74, 'Misiones'),
(75, 'Exaltacion De La Cruz'),
(76, 'Conesa'),
(77, 'Pergamino'),
(78, 'Pigue'),
(79, 'Campana'),
(80, 'Partido De La Costa'),
(81, 'Carilo'),
(82, 'Neuquen'),
(83, 'San Nicolas'),
(84, 'Bolivar'),
(85, 'Tres Arroyos'),
(86, 'Tres De Febrero'),
(87, 'San Pedro'),
(88, 'Pellegrini'),
(89, 'San Fernando'),
(90, 'Malvinas Argentinas'),
(91, 'Jose C Paz'),
(92, 'Hurlingham'),
(93, 'Ituzaingo'),
(94, 'General Las Heras'),
(95, 'Presidente Peron'),
(96, 'San Vicente'),
(97, 'Ensenada'),
(98, 'Navarro'),
(99, 'Lobos'),
(100, 'San Miguel Del Monte'),
(101, 'Brandsen'),
(102, 'Tierra Del Fuego'),
(103, 'Bahia Blanca'),
(104, 'Rauch'),
(105, 'Catamarca'),
(106, 'Jujuy'),
(107, 'La Rioja'),
(108, 'San Juan'),
(109, 'Gral Las Heras'),
(110, 'Olavarria'),
(111, 'Lincoln'),
(112, 'Chascomus'),
(113, 'Monte Hermoso'),
(114, 'Coronel Rosales'),
(115, 'General Belgrano'),
(116, '9 De Julio'),
(117, 'Baradero'),
(118, 'Alberti'),
(119, 'Mar Del Tuyu'),
(120, 'Junin'),
(121, 'Buenos Aires'),
(122, 'Lucas'),
(123, 'Adolfo Gonzalez Chavez'),
(124, 'Vicente Casares'),
(125, 'Trenque Lauquen'),
(126, 'Chacabuco'),
(127, 'Casillero'),
(128, 'Neuquen Zapala'),
(129, 'General Viamonte'),
(130, 'Las Heras'),
(131, 'Bragado'),
(132, 'Magdalena'),
(133, 'General Lavalle\n		');

--
-- Índices para tablas volcadas
--

--
-- Indices de la tabla `clases_pago`
--
ALTER TABLE `clases_pago`
 ADD PRIMARY KEY (`id`);

--
-- Indices de la tabla `clases_tramite`
--
ALTER TABLE `clases_tramite`
 ADD PRIMARY KEY (`id`);

--
-- Indices de la tabla `clientes`
--
ALTER TABLE `clientes`
 ADD PRIMARY KEY (`id`);

--
-- Indices de la tabla `corresponsales`
--
ALTER TABLE `corresponsales`
 ADD PRIMARY KEY (`id`);

--
-- Indices de la tabla `ordenes_trabajo`
--
ALTER TABLE `ordenes_trabajo`
 ADD PRIMARY KEY (`id`), ADD KEY `id_cliente` (`id_cliente`);

--
-- Indices de la tabla `pagos`
--
ALTER TABLE `pagos`
 ADD PRIMARY KEY (`id`);

--
-- Indices de la tabla `subzonas`
--
ALTER TABLE `subzonas`
 ADD PRIMARY KEY (`id`);

--
-- Indices de la tabla `tramites`
--
ALTER TABLE `tramites`
 ADD PRIMARY KEY (`id`);

--
-- Indices de la tabla `transacciones`
--
ALTER TABLE `transacciones`
 ADD PRIMARY KEY (`id`);

--
-- Indices de la tabla `usuarios`
--
ALTER TABLE `usuarios`
 ADD PRIMARY KEY (`id`), ADD UNIQUE KEY `username` (`username`);

--
-- Indices de la tabla `zonas`
--
ALTER TABLE `zonas`
 ADD PRIMARY KEY (`id`);

--
-- AUTO_INCREMENT de las tablas volcadas
--

--
-- AUTO_INCREMENT de la tabla `clases_pago`
--
ALTER TABLE `clases_pago`
MODIFY `id` int(11) NOT NULL AUTO_INCREMENT,AUTO_INCREMENT=3;
--
-- AUTO_INCREMENT de la tabla `clases_tramite`
--
ALTER TABLE `clases_tramite`
MODIFY `id` int(11) NOT NULL AUTO_INCREMENT,AUTO_INCREMENT=146;
--
-- AUTO_INCREMENT de la tabla `clientes`
--
ALTER TABLE `clientes`
MODIFY `id` int(11) NOT NULL AUTO_INCREMENT,AUTO_INCREMENT=12345693;
--
-- AUTO_INCREMENT de la tabla `corresponsales`
--
ALTER TABLE `corresponsales`
MODIFY `id` int(11) NOT NULL AUTO_INCREMENT,AUTO_INCREMENT=52;
--
-- AUTO_INCREMENT de la tabla `ordenes_trabajo`
--
ALTER TABLE `ordenes_trabajo`
MODIFY `id` int(11) NOT NULL AUTO_INCREMENT,AUTO_INCREMENT=44;
--
-- AUTO_INCREMENT de la tabla `pagos`
--
ALTER TABLE `pagos`
MODIFY `id` int(1) NOT NULL AUTO_INCREMENT,AUTO_INCREMENT=21;
--
-- AUTO_INCREMENT de la tabla `subzonas`
--
ALTER TABLE `subzonas`
MODIFY `id` int(11) NOT NULL AUTO_INCREMENT,AUTO_INCREMENT=326;
--
-- AUTO_INCREMENT de la tabla `tramites`
--
ALTER TABLE `tramites`
MODIFY `id` int(11) NOT NULL AUTO_INCREMENT,AUTO_INCREMENT=33;
--
-- AUTO_INCREMENT de la tabla `transacciones`
--
ALTER TABLE `transacciones`
MODIFY `id` int(11) NOT NULL AUTO_INCREMENT,AUTO_INCREMENT=2;
--
-- AUTO_INCREMENT de la tabla `usuarios`
--
ALTER TABLE `usuarios`
MODIFY `id` int(11) NOT NULL AUTO_INCREMENT,AUTO_INCREMENT=6;
--
-- AUTO_INCREMENT de la tabla `zonas`
--
ALTER TABLE `zonas`
MODIFY `id` int(11) NOT NULL AUTO_INCREMENT,AUTO_INCREMENT=134;
/*!40101 SET CHARACTER_SET_CLIENT=@OLD_CHARACTER_SET_CLIENT */;
/*!40101 SET CHARACTER_SET_RESULTS=@OLD_CHARACTER_SET_RESULTS */;
/*!40101 SET COLLATION_CONNECTION=@OLD_COLLATION_CONNECTION */;
